node,sub_joint_id,brace_member,brace_end,chord_t_scenario,direction,treatment,LC_V26_H3p5_T8,LC_V2_H0p5_T5,LC_V2_H0p5_T6,LC_V2_H1p0_T7,LC_V2_H1p0_T8,LC_V2_H1p5_T8,LC_V4_H0p5_T5,LC_V4_H0p5_T6,LC_V4_H1p0_T5,LC_V4_H1p0_T7,LC_V4_H1p0_T8,LC_V4_H1p5_T7,LC_V4_H1p5_T8,LC_V6_H0p5_T5,LC_V6_H0p5_T6,LC_V6_H1p0_T5,LC_V6_H1p0_T6,LC_V6_H1p0_T8,LC_V6_H1p5_T7,LC_V6_H1p5_T8,LC_V8_H0p5_T5,LC_V8_H0p5_T6,LC_V8_H1p0_T5,LC_V8_H1p0_T6,LC_V8_H1p5_T6,LC_V8_H1p5_T8,LC_V8_H2p0_T7,LC_V8_H2p0_T8,LC_V10_H0p5_T5,LC_V10_H0p5_T6,LC_V10_H1p0_T5,LC_V10_H1p0_T6,LC_V10_H1p5_T6,LC_V10_H2p0_T7,LC_V10_H2p0_T8,LC_V12_H0p5_T5,LC_V12_H1p0_T5,LC_V12_H1p0_T6,LC_V12_H1p5_T6,LC_V12_H2p0_T7,LC_V12_H2p5_T7,LC_V12_H2p5_T8,LC_V14_H0p5_T5,LC_V14_H1p0_T5,LC_V14_H1p0_T6,LC_V14_H1p5_T6,LC_V14_H2p0_T7,LC_V14_H2p5_T7,LC_V14_H2p5_T8,LC_V14_H3p0_T8,LC_V16_H1p0_T5,LC_V16_H1p5_T6,LC_V16_H2p0_T7,LC_V16_H2p5_T7,LC_V16_H2p5_T8,LC_V16_H3p0_T8,LC_V18_H1p5_T6,LC_V18_H2p0_T7,LC_V18_H2p5_T7,LC_V18_H3p0_T8,LC_V18_H3p5_T8,LC_V20_H2p0_T7,LC_V20_H2p5_T7,LC_V20_H3p0_T8,LC_V20_H3p5_T8,LC_V22_H2p5_T7,LC_V22_H3p0_T8,LC_V22_H3p5_T8,LC_V24_H3p5_T8,worst_bin,worst_bin_damage
22,"(22, 0)",72,2,single,,K,1.4576937372970291e-06,6.864706583622512e-07,6.852200599051332e-07,6.873458054940202e-07,6.856617865307473e-07,6.902658258851041e-07,9.984883969456067e-07,9.931255929816288e-07,1.0344146921114203e-06,1.0020076973566906e-06,9.953131225626427e-07,1.0225871755695739e-06,1.0080390491852893e-06,8.851678292404875e-07,8.803299823717366e-07,9.13570327417481e-07,8.959137067894e-07,8.791593303508746e-07,9.017146657916393e-07,8.880567291221362e-07,1.1319674088764467e-06,1.1295041817112023e-06,1.154411324570942e-06,1.1411082678676635e-06,1.1651560258655208e-06,1.1381677751917994e-06,1.169793426991283e-06,1.1519978176257172e-06,2.530424946248338e-06,2.5213683110035313e-06,2.5615040876034217e-06,2.536265384651137e-06,2.564474467059775e-06,2.5583671604531828e-06,2.5283769202509428e-06,5.151886101463955e-06,5.176133189928955e-06,5.150365855722189e-06,5.173614241474736e-06,5.16120708286193e-06,5.1957228637015556e-06,5.1450598181091815e-06,7.442385002710746e-06,7.485542390651008e-06,7.458511585118267e-06,7.5013905329236655e-06,7.495311864789214e-06,7.542999579489313e-06,7.478436494092665e-06,7.5175091419827925e-06,7.0157041798788065e-06,6.984405545765165e-06,6.9443254012261534e-06,7.009259751906686e-06,6.939158873273169e-06,6.96663544100393e-06,1.0495137551769622e-05,1.0440361725431594e-05,1.045512681885441e-05,1.0383908410656436e-05,1.040459969422625e-05,1.2755650953732794e-05,1.275527087368145e-05,1.2667860831019071e-05,1.2675564193164462e-05,1.2516867668669432e-05,1.2416088320908007e-05,1.2432730836082286e-05,1.669574355570737e-05,LC_V24_H3p5_T8,1.669574355570737e-05
22,"(22, 0)",72,2,single,,Y,2.070201789964553e-06,5.984117915151198e-07,5.965978271875719e-07,5.974344526670303e-07,5.951327265340647e-07,5.983395321559498e-07,1.1977477209599084e-06,1.1921831819989607e-06,1.2269539930354538e-06,1.1964064180701014e-06,1.1899738393819963e-06,1.2111960374110495e-06,1.197921549940148e-06,1.7444084265503152e-06,1.7385932513758191e-06,1.761079654709426e-06,1.7421049219343535e-06,1.7226828976004673e-06,1.7340224186588778e-06,1.7187650808189984e-06,3.0447856407511802e-06,3.0410095359266377e-06,3.0612242895234565e-06,3.046317191234936e-06,3.0634735757543607e-06,3.034349823434948e-06,3.060165649465539e-06,3.041139020886476e-06,8.613601610414833e-06,8.600534742275829e-06,8.587460063555455e-06,8.552270134038987e-06,8.522203220775178e-06,8.44964229780617e-06,8.410912216248469e-06,1.2933241936418903e-05,1.2880190609667629e-05,1.2847609618628448e-05,1.2792773697573206e-05,1.2697092585218648e-05,1.2661978617987976e-05,1.2600926232787913e-05,1.7474806626188934e-05,1.7425878175356035e-05,1.7391591544357087e-05,1.733619178473518e-05,1.722108545833011e-05,1.7180596022272987e-05,1.709779679001333e-05,1.7049758022757975e-05,1.9981308283033908e-05,1.9741593606930506e-05,1.9503195859586978e-05,1.9478709118951007e-05,1.936428379409882e-05,1.925318067291573e-05,3.191305542489208e-05,3.155355753689871e-05,3.134946650337564e-05,3.101042350435268e-05,3.084728229527992e-05,3.981528181277524e-05,3.946997996172845e-05,3.8977303115659576e-05,3.8691858385939666e-05,4.0105041179560666e-05,3.9628349745055075e-05,3.9350157692463736e-05,5.2064092329817635e-05,LC_V24_H3p5_T8,5.2064092329817635e-05
22,"(22, 1)",80,2,single,,K,1.7841981638100405e-06,1.2115491437359405e-07,1.1795570498135482e-07,1.3509718752387288e-07,1.2774115925898848e-07,1.539183131648671e-07,1.325879723361386e-07,1.3160961396429558e-07,1.610044013582895e-07,1.3949285840620275e-07,1.3491507810430613e-07,1.7937950047334448e-07,1.5937617341337958e-07,4.2185786224977585e-07,4.196844495387564e-07,4.3609619758841856e-07,4.2931522484146373e-07,4.200908488667369e-07,4.3633381159522895e-07,4.282378459487994e-07,6.265564840943806e-07,6.245507710047494e-07,6.424736764165889e-07,6.349773053518774e-07,6.557975342567202e-07,6.361254013182302e-07,6.682696521752156e-07,6.526355615702223e-07,4.010071093873789e-06,4.003040446634172e-06,4.008742026776219e-06,3.988451580218834e-06,3.989349218459208e-06,3.958771946793887e-06,3.9241179684546875e-06,5.867891199001376e-06,5.863853422275612e-06,5.831324222361149e-06,5.828114471118875e-06,5.7872781807194136e-06,5.798829067061579e-06,5.737438373625598e-06,8.793543235514139e-06,8.786860502939627e-06,8.741201503977055e-06,8.732269289254441e-06,8.665211667001952e-06,8.666261050736806e-06,8.59254581057242e-06,8.583738668685072e-06,1.0041402212126461e-05,9.954266239830768e-06,9.862049147575725e-06,9.829010759161454e-06,9.749857775121629e-06,9.723971826820379e-06,1.5663857713346215e-05,1.554059478109981e-05,1.5546589324165036e-05,1.54019624454924e-05,1.5415453610063757e-05,1.886241080722425e-05,1.8870094222423182e-05,1.8644342178995015e-05,1.862511640100934e-05,1.7502658819663615e-05,1.7336522682416745e-05,1.7349268151059946e-05,2.2911940692841762e-05,LC_V24_H3p5_T8,2.2911940692841762e-05
22,"(22, 1)",80,2,single,,Y,2.849415260570992e-06,3.230211715915621e-07,3.1474193208282155e-07,3.5131635495011364e-07,3.3380531070846876e-07,3.8845967322326026e-07,7.070721113741345e-07,7.04019164570023e-07,7.827227004622653e-07,7.166337827541857e-07,7.032149556460995e-07,8.1525599549132e-07,7.625718541046894e-07,2.471397788085238e-06,2.467476796187525e-06,2.4591933786626525e-06,2.4459601471349073e-06,2.431123544009201e-06,2.4170255312999935e-06,2.404885694623275e-06,3.5424580870842426e-06,3.5370756438550093e-06,3.5502371304985493e-06,3.5326271294347146e-06,3.537881272115703e-06,3.503570243134803e-06,3.5323171101622103e-06,3.4973848960502117e-06,2.8011445688683062e-05,2.7966693119390993e-05,2.780193323346548e-05,2.7695476594443234e-05,2.744333345546871e-05,2.702657475020709e-05,2.6900385176333333e-05,3.706172593136234e-05,3.6803477222108835e-05,3.665247141073553e-05,3.6330115199064636e-05,3.585226939007648e-05,3.55298844066424e-05,3.53547844015129e-05,4.9502494061741545e-05,4.9081554856537486e-05,4.895238299995885e-05,4.848509286554977e-05,4.784788790431396e-05,4.738503365752839e-05,4.7202236912609423e-05,4.67175654184583e-05,5.413630885449881e-05,5.334816367505028e-05,5.254833480835219e-05,5.195103496731188e-05,5.171436908916115e-05,5.113180165404865e-05,8.715965113300756e-05,8.598329266355856e-05,8.521431519480198e-05,8.401007583951643e-05,8.325302869511875e-05,9.939157076997426e-05,9.851552578839775e-05,9.69229187788154e-05,9.598210672135737e-05,9.06530148569063e-05,8.939100043339839e-05,8.865212684063967e-05,0.00010768271567445212,LC_V24_H3p5_T8,0.00010768271567445212
22,"(22, 0)",85,1,single,,K,1.432382030346335e-06,6.059523878324076e-07,6.04486775253285e-07,6.054096210695951e-07,6.038594368039854e-07,6.067644038466992e-07,8.715486975170618e-07,8.66128245803406e-07,9.037229766075562e-07,8.722190751509769e-07,8.664730124357035e-07,8.880801459701863e-07,8.755641944150076e-07,7.615377530247979e-07,7.559801261463256e-07,7.89540730781423e-07,7.697053409729029e-07,7.534578399305519e-07,7.717025034638573e-07,7.594577423992888e-07,1.011243318304296e-06,1.0087769298335997e-06,1.0298467192278195e-06,1.0156831773056865e-06,1.033791046175902e-06,1.009303705926621e-06,1.0318197169721772e-06,1.0165355549712191e-06,2.2640922504972135e-06,2.2550345931156975e-06,2.2948690937881903e-06,2.2670308108834187e-06,2.2913065782471082e-06,2.27868169751518e-06,2.250839061801295e-06,4.844676569882373e-06,4.860987728583401e-06,4.835167407065508e-06,4.848744908984012e-06,4.8273351357163e-06,4.845860710112684e-06,4.801308026759038e-06,6.980784249091124e-06,7.009677652931209e-06,6.979737331920996e-06,7.0044968211658785e-06,6.986639599162627e-06,7.011293336468517e-06,6.963343587574249e-06,6.9783679362200114e-06,6.932561873161401e-06,6.887926498307036e-06,6.831466356102599e-06,6.823116254524984e-06,6.768538977738347e-06,6.756334005079976e-06,9.93965609472674e-06,9.871316979511455e-06,9.871651110941199e-06,9.797233876432375e-06,9.798792828238148e-06,1.2304641948744822e-05,1.2293432686752392e-05,1.2160818348438119e-05,1.2139923052161915e-05,1.1746906450166945e-05,1.1632206328413325e-05,1.1628914629044705e-05,1.581205304888823e-05,LC_V24_H3p5_T8,1.581205304888823e-05
22,"(22, 0)",85,1,single,,Y,2.698389095658542e-06,8.426048979219819e-07,8.400684598795755e-07,8.40160030704403e-07,8.375646945137204e-07,8.402854911070573e-07,1.4893959034899268e-06,1.480625078894539e-06,1.5350150977992153e-06,1.486493306376545e-06,1.4774959402994176e-06,1.5070333883929995e-06,1.4877970211701228e-06,1.7757073019545211e-06,1.7649488205891388e-06,1.8161001177383637e-06,1.7814424298631216e-06,1.7507523022526763e-06,1.7753453923577205e-06,1.752758662958651e-06,2.9653313813357393e-06,2.961059950906706e-06,2.986688261396114e-06,2.964026224529165e-06,2.983600283186074e-06,2.9451241893952975e-06,2.9709136248457417e-06,2.946943402012565e-06,7.935787488045658e-06,7.916390458268689e-06,7.953830669239348e-06,7.898202519861549e-06,7.901716979965639e-06,7.832954422742731e-06,7.77967612953872e-06,1.3360965149132287e-05,1.3328609386817009e-05,1.328327609636354e-05,1.3247213031645666e-05,1.3149620428524968e-05,1.3124039689208236e-05,1.304351937653564e-05,1.8478410692151428e-05,1.848467509677225e-05,1.841157041963244e-05,1.8403800500963225e-05,1.8291169013938504e-05,1.827772123931532e-05,1.8169590893783537e-05,1.8137145426694503e-05,2.0703813427679033e-05,2.0491706023007738e-05,2.0261146681966078e-05,2.0126706114878896e-05,1.9998510850308064e-05,1.9880337130718246e-05,3.175428172385106e-05,3.1416760894110704e-05,3.126734756625219e-05,3.093724613711556e-05,3.080883651473644e-05,4.019722332996164e-05,3.9933893042151905e-05,3.940140456058398e-05,3.914986068860813e-05,3.905837725854561e-05,3.8584665787444404e-05,3.836557431459058e-05,5.149798484817904e-05,LC_V24_H3p5_T8,5.149798484817904e-05
22,"(22, 1)",93,1,single,,K,1.3266164233695383e-06,1.4389673185773096e-07,1.412743920023789e-07,1.4745162705354578e-07,1.4363795071960876e-07,1.527976039810671e-07,1.9138090447122588e-07,1.8797240517371078e-07,2.1474848365222833e-07,1.956198559214074e-07,1.9102384772885317e-07,2.123184918604852e-07,2.0225340542473688e-07,4.861219565753791e-07,4.8087350097202e-07,5.160029538550982e-07,4.981821011473005e-07,4.801798454226099e-07,5.067255929192863e-07,4.917587410346048e-07,5.859295170247129e-07,5.821185732511943e-07,6.16481098821275e-07,6.002660742814503e-07,6.351317835954453e-07,5.984721713503484e-07,6.464239777465801e-07,6.208507489033268e-07,4.342730154035549e-06,4.328557212993641e-06,4.373067021692239e-06,4.327236024983009e-06,4.3560777475197356e-06,4.3138274134504906e-06,4.2482527244775424e-06,6.219532107120166e-06,6.2577974960894135e-06,6.198007663340277e-06,6.231538167125217e-06,6.184349611242064e-06,6.22977222207839e-06,6.116278012881996e-06,9.173960229961615e-06,9.219414038783316e-06,9.14226702085926e-06,9.173534463674938e-06,9.095404108793976e-06,9.132270466342463e-06,9.0010254214381e-06,9.015483702923883e-06,9.931346503677077e-06,9.840694891250873e-06,9.727427681913654e-06,9.716948486574241e-06,9.59321891119435e-06,9.574357534739086e-06,1.53876736028355e-05,1.521929050033056e-05,1.5233790411720085e-05,1.5029488510989615e-05,1.5048889418885822e-05,1.8376027153682973e-05,1.838383474306446e-05,1.8101674387951548e-05,1.8086128014875694e-05,1.670488020348317e-05,1.6499925845742936e-05,1.6548112446614115e-05,2.167920196268114e-05,LC_V24_H3p5_T8,2.167920196268114e-05
22,"(22, 1)",93,1,single,,Y,2.4186538187359766e-06,3.8024328370878205e-07,3.7523296856905704e-07,3.8069970127189635e-07,3.7455149346989184e-07,3.844053759652942e-07,7.759191126001545e-07,7.679243855524583e-07,8.167974231659731e-07,7.75984689497075e-07,7.672251335393494e-07,7.987096894252352e-07,7.80837798786166e-07,2.3080101290681764e-06,2.296473711165279e-06,2.3449246761376064e-06,2.306725912514887e-06,2.2699815298101507e-06,2.294566320544036e-06,2.265618367630015e-06,2.950202330504061e-06,2.9407128058239393e-06,2.9985923055730143e-06,2.9617617831647485e-06,3.010801081822476e-06,2.9374739076179073e-06,3.0098146098158587e-06,2.9609085306821056e-06,2.4212927914998583e-05,2.4160238467235076e-05,2.4116886224486494e-05,2.397124902332436e-05,2.3837754701354358e-05,2.3481119769604432e-05,2.3303530520423172e-05,3.2290836352383756e-05,3.21789311209089e-05,3.198794479538488e-05,3.1816353839978844e-05,3.141651380781397e-05,3.1247400359817585e-05,3.0972609957082124e-05,4.380227926511078e-05,4.360879658216546e-05,4.3393550151313045e-05,4.313455729795372e-05,4.258915229740837e-05,4.232274869043929e-05,4.201820765206346e-05,4.170025576476507e-05,4.7092926908725544e-05,4.643050306564779e-05,4.571429667379699e-05,4.535258087285248e-05,4.50165602642604e-05,4.457783820457831e-05,7.503750623739298e-05,7.398247697965324e-05,7.345162608838434e-05,7.233298674728208e-05,7.181480235597211e-05,8.646290755187301e-05,8.583646133688507e-05,8.433437329032871e-05,8.362632288893346e-05,7.758239614742865e-05,7.64562123930877e-05,7.594443243152698e-05,9.392161858825095e-05,LC_V24_H3p5_T8,9.392161858825095e-05
26,"(26, 1)",76,2,single,,K,1.4015563457821663e-06,6.763949150804871e-07,6.770015747404508e-07,6.768543122798602e-07,6.766428497890123e-07,6.794807963687725e-07,1.0458628723819414e-06,1.0399194465577198e-06,1.0889667955008601e-06,1.049782791311922e-06,1.042462464656263e-06,1.0742960873891065e-06,1.056868987075611e-06,9.220939014067132e-07,9.149275924689336e-07,9.664806165422118e-07,9.39202957477476e-07,9.155404472296653e-07,9.491952600651049e-07,9.296914105028518e-07,1.142045425804046e-06,1.136360020827106e-06,1.1821212932374734e-06,1.1587395925220745e-06,1.1988008527055503e-06,1.1529856773925897e-06,1.205275519668609e-06,1.1754417641881195e-06,2.7712314700440676e-06,2.7575352853595107e-06,2.82599057116521e-06,2.7837901393137192e-06,2.835282025705758e-06,2.827690356401744e-06,2.7792113664005898e-06,5.229641971316628e-06,5.2731549777907995e-06,5.234628732824784e-06,5.2721125409859845e-06,5.254308956854739e-06,5.306094121778154e-06,5.230166260027517e-06,7.440757017279511e-06,7.48784701144524e-06,7.455346179838595e-06,7.5053492437115e-06,7.498904121553096e-06,7.563481083279543e-06,7.477700720601076e-06,7.5288332013099e-06,7.06658094863969e-06,7.048987700437628e-06,7.011581350393134e-06,7.037261866841014e-06,6.944032257656328e-06,6.971721936707302e-06,1.0560480090499967e-05,1.0483784509850733e-05,1.0506343207903467e-05,1.0406173277535666e-05,1.0424822498714116e-05,1.2864193438519818e-05,1.2861965912435482e-05,1.2723693427131885e-05,1.2725632725172318e-05,1.2350961742679592e-05,1.2248164057383462e-05,1.225917335479581e-05,1.6535479900440045e-05,LC_V24_H3p5_T8,1.6535479900440045e-05
26,"(26, 1)",76,2,single,,Y,2.0302199234558918e-06,6.014780220452617e-07,6.016068456404108e-07,5.998273144991569e-07,5.992496242238956e-07,6.000127654778946e-07,1.1812996828865726e-06,1.1763913376943033e-06,1.212826728250416e-06,1.1798082683527166e-06,1.1733946219700062e-06,1.195559083658663e-06,1.1807687440294925e-06,1.7372071741749996e-06,1.7283438048762083e-06,1.7713551067908114e-06,1.7425802943326755e-06,1.7146774414281085e-06,1.7390789775993915e-06,1.7172162599828668e-06,2.8532147588056385e-06,2.8478324080565974e-06,2.887496333049528e-06,2.862845379926117e-06,2.8967253009823537e-06,2.8490083076878783e-06,2.8945384086884235e-06,2.8635286930365706e-06,9.121334604021536e-06,9.099049937645297e-06,9.127308303548517e-06,9.065237159922408e-06,9.060570719764298e-06,8.975623002106676e-06,8.91146930558672e-06,1.3206434214623738e-05,1.3181731114277187e-05,1.3130535787105681e-05,1.310119852314008e-05,1.2996358650712572e-05,1.2981968720812188e-05,1.2876888348504507e-05,1.7442841971329066e-05,1.7418857530466177e-05,1.736596203804896e-05,1.7332903795649363e-05,1.722340240312254e-05,1.7213784771493794e-05,1.7095314699203205e-05,1.7065881778766906e-05,1.9743774121297325e-05,1.9527099564180686e-05,1.929643341487184e-05,1.917546911000006e-05,1.9018029660349023e-05,1.8915131334943142e-05,3.202200592985438e-05,3.157234407822058e-05,3.136782695054906e-05,3.091419056234985e-05,3.072347662611936e-05,4.022673062447697e-05,3.987461751222792e-05,3.92270072006716e-05,3.8909261625989356e-05,3.96585561565531e-05,3.91611481793582e-05,3.88940972152699e-05,5.208618923417579e-05,LC_V24_H3p5_T8,5.208618923417579e-05
26,"(26, 0)",78,2,single,,K,1.5737005231090813e-06,9.723005938824946e-08,9.617842674172841e-08,1.0943189484310811e-07,1.0443068711413096e-07,1.2735025158211365e-07,2.0139662686077238e-07,1.973094442460434e-07,2.541922350778092e-07,2.2224494407270753e-07,2.1224655456499245e-07,2.741342351085729e-07,2.4983305414185517e-07,4.3976216951882896e-07,4.344904320937251e-07,4.94693564479752e-07,4.718423120956269e-07,4.444891675151789e-07,5.14518277948437e-07,4.82429591749203e-07,5.517820349238297e-07,5.497898645463136e-07,5.704181080054041e-07,5.621689545935097e-07,6.256121496799038e-07,5.653380592616577e-07,6.89393729233804e-07,6.29424705180285e-07,3.982417847635085e-06,3.9756673188576625e-06,3.975355071802882e-06,3.955150178080887e-06,3.952903828192872e-06,3.9204462409228236e-06,3.883632942291784e-06,5.579057297410736e-06,5.586871611154912e-06,5.5545388272105015e-06,5.564398295382558e-06,5.53349988535801e-06,5.559556118048525e-06,5.486046480286209e-06,8.18286704958e-06,8.188877165759289e-06,8.145854976295085e-06,8.15418975766014e-06,8.098889978880357e-06,8.12075533618533e-06,8.033093915798004e-06,8.04085791119297e-06,9.219413643804399e-06,9.137076349429426e-06,9.048903108848535e-06,9.055826023952789e-06,8.9671338386587e-06,8.949059894045878e-06,1.4416694667453176e-05,1.4266329934682882e-05,1.4250752461567143e-05,1.4083603315784726e-05,1.4122946065327173e-05,1.744916529134328e-05,1.743859225021865e-05,1.7213261204851317e-05,1.7191531250490093e-05,1.5620096979985386e-05,1.546841255701058e-05,1.5488371493147813e-05,2.112299902538216e-05,LC_V24_H3p5_T8,2.112299902538216e-05
26,"(26, 0)",78,2,single,,Y,2.5090124439768407e-06,2.7705950623444355e-07,2.732056283677909e-07,2.984095150602423e-07,2.859236806984113e-07,3.351310780498454e-07,8.679210590567885e-07,8.559597688931044e-07,9.949604948531105e-07,9.100987573093821e-07,8.852715317196588e-07,1.0251137698279487e-06,9.668791140742946e-07,2.477924909734043e-06,2.463410850901955e-06,2.59262906116456e-06,2.530914408227158e-06,2.460862282782779e-06,2.6116824053313025e-06,2.5264406918127366e-06,3.211768017407599e-06,3.2071217696694104e-06,3.2246085220491108e-06,3.2053742128792925e-06,3.35177229837902e-06,3.189735348837307e-06,3.494723768786851e-06,3.33712662089542e-06,2.799058485538645e-05,2.7944232904321143e-05,2.775866958042957e-05,2.765100566029665e-05,2.7375380531739706e-05,2.693371383768801e-05,2.6805113895223163e-05,3.6035755808173856e-05,3.577476803665486e-05,3.562609152104718e-05,3.5303542206209514e-05,3.482062794125686e-05,3.4492093328309234e-05,3.4308068331537034e-05,4.7154154509860374e-05,4.675580858408331e-05,4.6623099647959843e-05,4.617527141289791e-05,4.555342338163168e-05,4.509939364925038e-05,4.4916552354156054e-05,4.443666751061979e-05,5.130406516988487e-05,5.0528647361211615e-05,4.972339977406989e-05,4.9236971288697855e-05,4.895355294431652e-05,4.839817760663339e-05,8.259168714638047e-05,8.134279825925971e-05,8.06115908375425e-05,7.9343436218256e-05,7.869335041054815e-05,9.448728443955683e-05,9.35953348269042e-05,9.19375545295255e-05,9.099282121233323e-05,8.368712645569262e-05,8.246347534420058e-05,8.171884739326342e-05,0.00010081113264283975,LC_V24_H3p5_T8,0.00010081113264283975
26,"(26, 1)",89,1,single,,K,1.246447814687354e-06,6.02469658487512e-07,6.028631577247544e-07,6.011949384212395e-07,6.015604408190259e-07,6.015505807599314e-07,9.57043091184302e-07,9.519663584980378e-07,9.882722300384737e-07,9.57440396509243e-07,9.520407847426282e-07,9.727641672899493e-07,9.60414685574736e-07,8.529796552146822e-07,8.477428693565225e-07,8.819627102746565e-07,8.618699354469e-07,8.456540245052927e-07,8.6457579305648e-07,8.521493982589755e-07,1.0831315919466432e-06,1.080727449279874e-06,1.1022657636680363e-06,1.0881296796180755e-06,1.1066608083128519e-06,1.0826531842273737e-06,1.105546049791505e-06,1.0900182288202135e-06,2.3571134979503972e-06,2.3473866563497416e-06,2.3923691385559427e-06,2.361485436636154e-06,2.3895685473888405e-06,2.3770991641318475e-06,2.34645409140022e-06,4.980848265605105e-06,5.010393431019283e-06,4.978562983131935e-06,5.00051210572556e-06,4.978975433845516e-06,5.00451088482937e-06,4.951726753652308e-06,6.9341443762320585e-06,6.946081312954022e-06,6.920731781352493e-06,6.9308204943232945e-06,6.902118661511544e-06,6.920178049841532e-06,6.868628813727691e-06,6.876242318411211e-06,7.124449717166133e-06,7.089594522884694e-06,7.04403188965037e-06,7.050566373641608e-06,7.00134610696679e-06,6.994611765630818e-06,1.0424867753884955e-05,1.0345086491034194e-05,1.032542975994443e-05,1.0236411225265696e-05,1.0221497171318413e-05,1.2886400654913533e-05,1.2830716979751536e-05,1.2703308309468936e-05,1.2661905088809467e-05,1.284577835527911e-05,1.2730398372256264e-05,1.2708600664508612e-05,1.76451809577168e-05,LC_V24_H3p5_T8,1.76451809577168e-05
26,"(26, 1)",89,1,single,,Y,2.3766529692359004e-06,8.50021893011706e-07,8.502153570252057e-07,8.463034347399209e-07,8.465356042371429e-07,8.448123926867459e-07,1.5908420666676271e-06,1.5833669738896966e-06,1.6305182304429236e-06,1.5872574705698483e-06,1.579638889327575e-06,1.6042833910765858e-06,1.5874087640856724e-06,1.9339157405770193e-06,1.925033690261254e-06,1.9677475908132785e-06,1.936783727363291e-06,1.910583724573707e-06,1.9298877264883934e-06,1.910364093307815e-06,2.9819664175372726e-06,2.9772225425744276e-06,3.004332331300143e-06,2.9829215774669406e-06,3.0028988214893533e-06,2.9670549615211086e-06,2.9932711670396864e-06,2.970669549158258e-06,8.114873492368116e-06,8.094474629390163e-06,8.134125563100386e-06,8.074714957798611e-06,8.078451739263233e-06,8.006978679593258e-06,7.952100971730557e-06,1.3681160655020862e-05,1.3677315423547129e-05,1.3619278036822874e-05,1.3603087328005768e-05,1.3504964507055264e-05,1.3492620262404942e-05,1.339633641174884e-05,1.8583220493959206e-05,1.855497238497832e-05,1.849668294600137e-05,1.8452639980501864e-05,1.8332067216744313e-05,1.829432435766501e-05,1.8203037017403274e-05,1.8150406838732615e-05,2.0979976552417805e-05,2.0782335331203308e-05,2.0576308187017692e-05,2.0486212385042113e-05,2.037512834400243e-05,2.026470931105062e-05,3.305087283963351e-05,3.265300285345473e-05,3.2422086322081253e-05,3.20283138391262e-05,3.1836409189870096e-05,4.1647054776848736e-05,4.128279414509449e-05,4.0709202603463967e-05,4.039419614953139e-05,4.187857221898854e-05,4.1397355505433865e-05,4.115299527465018e-05,5.626053726992087e-05,LC_V24_H3p5_T8,5.626053726992087e-05
26,"(26, 0)",95,1,single,,K,1.0978633783893722e-06,1.1381100606771713e-07,1.1250358735759546e-07,1.1658378026895736e-07,1.1435985252443682e-07,1.2094744545519257e-07,3.0210735702751284e-07,2.993029591601838e-07,3.2270594653067066e-07,3.0642562822436155e-07,3.022681746385713e-07,3.2173546543572686e-07,3.128599600159135e-07,6.264643790355921e-07,6.22472203804082e-07,6.513894374800833e-07,6.379056518471759e-07,6.221245681267961e-07,6.464255207560397e-07,6.329495124873579e-07,7.97131093677496e-07,7.926280180698472e-07,8.269765434268183e-07,8.113601726274403e-07,8.446072540172178e-07,8.099165578611664e-07,8.570996948721874e-07,8.330816114086639e-07,4.711733675522318e-06,4.700085073531297e-06,4.722369029911729e-06,4.687355952226365e-06,4.701829861535591e-06,4.6637372401374975e-06,4.607668053074081e-06,6.66620384346363e-06,6.686184897417036e-06,6.638252577649341e-06,6.658817011036095e-06,6.616426176749083e-06,6.65447597861174e-06,6.5566930345291146e-06,9.594100682959782e-06,9.609850417213143e-06,9.545604010328999e-06,9.555879689953242e-06,9.480845065624291e-06,9.506656706449896e-06,9.39483184058261e-06,9.40398765987138e-06,1.0934974205689278e-05,1.0846179640809799e-05,1.0742109233495243e-05,1.0772956190140892e-05,1.0658457624919857e-05,1.0636842365139711e-05,1.719803189620849e-05,1.703148332741214e-05,1.7027181681430206e-05,1.6832077630830628e-05,1.6836368812245537e-05,2.0463558378266256e-05,2.0455929752179397e-05,2.0180875345549114e-05,2.0157544111869324e-05,1.873746765585585e-05,1.8536316598262377e-05,1.856140162360926e-05,2.4697438258773315e-05,LC_V24_H3p5_T8,2.4697438258773315e-05
26,"(26, 0)",95,1,single,,Y,1.9810600363517786e-06,3.134243688219401e-07,3.108420088029073e-07,3.1319924706028386e-07,3.0978994585164915e-07,3.1546450132331387e-07,1.0368629632555136e-06,1.0304802164440413e-06,1.0694821722964264e-06,1.036438642544593e-06,1.029346448389639e-06,1.055245279200978e-06,1.040192184198614e-06,2.656267892515543e-06,2.647854398000455e-06,2.677866458247919e-06,2.6504422106493398e-06,2.6204503939460398e-06,2.638039625632242e-06,2.6132189904034125e-06,3.478470507898369e-06,3.4684777617439978e-06,3.5187243784588644e-06,3.4860532800412555e-06,3.526070517806663e-06,3.4601196076575273e-06,3.522165801820642e-06,3.479335803431957e-06,2.5343892653147842e-05,2.5297796204763946e-05,2.519197153245656e-05,2.5073804970921922e-05,2.4892334254660857e-05,2.4530632802612713e-05,2.437868663195056e-05,3.349595201284345e-05,3.33376492209831e-05,3.316963330727549e-05,3.2964526888718044e-05,3.257115390830726e-05,3.2377949061908176e-05,3.213980153004762e-05,4.478037817731804e-05,4.451049911389829e-05,4.4339577416525215e-05,4.402269005807595e-05,4.348003094102786e-05,4.3173734169072834e-05,4.292195835289459e-05,4.2582819229196335e-05,4.929754190207255e-05,4.863821038622996e-05,4.795117367975836e-05,4.767463181360969e-05,4.7377932233655326e-05,4.6942050488715e-05,7.952077367289277e-05,7.845328845857757e-05,7.785462501138583e-05,7.673836835750274e-05,7.615623373934207e-05,9.113392169579191e-05,9.043775326858197e-05,8.897604275077743e-05,8.82379932448555e-05,8.217365530347799e-05,8.10629928628613e-05,8.053816611745204e-05,0.00010037692678942533,LC_V24_H3p5_T8,0.00010037692678942533
30,"(30, 1)",74,2,single,,K,1.5248269862542757e-06,7.140648792375553e-07,7.135157991594114e-07,7.147757630437134e-07,7.135645353760658e-07,7.179551632625812e-07,1.088669638565335e-06,1.0820744770727553e-06,1.1355958111886733e-06,1.0928555141904602e-06,1.084634625677134e-06,1.118933104642156e-06,1.1001776612911973e-06,9.213275321683279e-07,9.140938051422188e-07,9.67608296381577e-07,9.391128479872759e-07,9.143917727584551e-07,9.484098612172412e-07,9.285837468184252e-07,1.1937325811835065e-06,1.1899720631545888e-06,1.2236625071003189e-06,1.2058730777341353e-06,1.2378927893210734e-06,1.2014958479259662e-06,1.2433178594457025e-06,1.2185948472248529e-06,2.5705315292396224e-06,2.5577219866586986e-06,2.6323782656870016e-06,2.5917662915960826e-06,2.6476014712381922e-06,2.645746921646014e-06,2.598919758671483e-06,5.482733527149476e-06,5.540355738920822e-06,5.491530844510632e-06,5.5454229560649735e-06,5.532757368170498e-06,5.595453368033088e-06,5.512004084085809e-06,7.711338966094552e-06,7.76007684508986e-06,7.72128832278135e-06,7.769562401233719e-06,7.7600532267874e-06,7.827062854934444e-06,7.74053410649105e-06,7.794367273028656e-06,7.722562779763814e-06,7.700296466245253e-06,7.661482239184073e-06,7.730772927873637e-06,7.646383005744723e-06,7.67715285925002e-06,1.1202430457336746e-05,1.1166337244170645e-05,1.122943171371515e-05,1.115479124973018e-05,1.1222007616011366e-05,1.3905876595023323e-05,1.3941285762948333e-05,1.3834204446600906e-05,1.3882876928496312e-05,1.396666545528131e-05,1.3851344368739403e-05,1.3892430854811576e-05,1.8486037014164217e-05,LC_V24_H3p5_T8,1.8486037014164217e-05
30,"(30, 1)",74,2,single,,Y,2.1390237511211906e-06,6.338814579648123e-07,6.32604436019336e-07,6.322313591963138e-07,6.302105909292684e-07,6.326385717188116e-07,1.2982810214989022e-06,1.2913896799779211e-06,1.3364237311744283e-06,1.2963991749273719e-06,1.288662833373451e-06,1.3151620413010247e-06,1.2980479410630265e-06,1.7632765172093888e-06,1.7544517300234248e-06,1.7989608223309885e-06,1.7682721779279854e-06,1.7402882598996605e-06,1.7636803824103984e-06,1.7420282719367896e-06,3.0603490889003536e-06,3.056160311084992e-06,3.0823450151882823e-06,3.062009624500972e-06,3.085069917846396e-06,3.0458958962869094e-06,3.078336785702133e-06,3.0527102841992857e-06,8.589956037092425e-06,8.570961530810698e-06,8.601120413260303e-06,8.546952172438449e-06,8.548463801405883e-06,8.478547080837393e-06,8.423134798642296e-06,1.3660857364649573e-05,1.3642542844914532e-05,1.358699048012679e-05,1.3565724158977754e-05,1.3464365768808638e-05,1.3457695351818616e-05,1.3351973232333522e-05,1.839210428572859e-05,1.8355493805351725e-05,1.829477440052575e-05,1.825702771228224e-05,1.813280395359419e-05,1.811012586995267e-05,1.7996095836837966e-05,1.7959037130301053e-05,2.1487060866110352e-05,2.1274783844670134e-05,2.1059713203909904e-05,2.103939942554142e-05,2.090804827113216e-05,2.0808400995276787e-05,3.425256572351356e-05,3.388163864134378e-05,3.371358911186038e-05,3.331228064164716e-05,3.318176703996784e-05,4.370444681355876e-05,4.336372891644339e-05,4.277970183182703e-05,4.2498123627063765e-05,4.498197957361877e-05,4.4474708610769266e-05,4.42255124609824e-05,5.8409736456310156e-05,LC_V24_H3p5_T8,5.8409736456310156e-05
30,"(30, 0)",82,2,single,,K,1.8115630701601094e-06,1.208815284877578e-07,1.1717617025352589e-07,1.3555908207993557e-07,1.274583407582526e-07,1.5543223783757982e-07,1.47492109423904e-07,1.4295854436903075e-07,1.9928183622434958e-07,1.6612097122763122e-07,1.5639080242426293e-07,2.1395136663629121e-07,1.9078662084981704e-07,3.710244692658712e-07,3.6902374671351566e-07,4.1326874993561926e-07,3.89861940108429e-07,3.684913202339875e-07,4.273809796424454e-07,3.973578792120877e-07,5.419844056923837e-07,5.401437090830044e-07,5.603239295845736e-07,5.534449471291889e-07,5.772997486449831e-07,5.564139366211482e-07,5.997446337768833e-07,5.751046400515336e-07,3.180369292478563e-06,3.173444517791416e-06,3.1863461545739663e-06,3.1659832901970216e-06,3.1762829284321417e-06,3.157615474174645e-06,3.123681455403783e-06,4.828225099751974e-06,4.8501445542246255e-06,4.811636435063635e-06,4.831456525212143e-06,4.803706349989999e-06,4.837507087521577e-06,4.76569598464142e-06,7.174530567066564e-06,7.205961577842898e-06,7.1518055028070095e-06,7.178899213607924e-06,7.129074939231197e-06,7.162082876538243e-06,7.068362821757864e-06,7.0856667039856e-06,8.556112689973488e-06,8.487144570063359e-06,8.403076435171532e-06,8.39934154416369e-06,8.300138286085572e-06,8.290441940172366e-06,1.2841868693406096e-05,1.2724340223843327e-05,1.2749820726346947e-05,1.26126343672787e-05,1.2647695316373615e-05,1.6607533493429208e-05,1.6656370583066374e-05,1.6476199680194417e-05,1.650220422596014e-05,1.541538800220031e-05,1.5259930342509995e-05,1.528467339496584e-05,2.1154327040619084e-05,LC_V24_H3p5_T8,2.1154327040619084e-05
30,"(30, 0)",82,2,single,,Y,2.794491802427021e-06,3.250207102787026e-07,3.1659291408056304e-07,3.5435841075785595e-07,3.3599090935873343e-07,3.94484633195841e-07,7.823909942378494e-07,7.666921013008969e-07,9.20436024484009e-07,8.217167278864418e-07,7.945878277461802e-07,9.379396157028914e-07,8.762432782460234e-07,2.2171641830355355e-06,2.2126054241537043e-06,2.3120429825301947e-06,2.243352086042999e-06,2.176911519755122e-06,2.3156585944054917e-06,2.23363341242945e-06,3.261487267575471e-06,3.255707693216181e-06,3.274090498200708e-06,3.256560627062014e-06,3.2715701773745176e-06,3.230401233355879e-06,3.2944844800629007e-06,3.2331992236633374e-06,2.2417798280235913e-05,2.238916314531203e-05,2.2201843767489746e-05,2.2128709654464735e-05,2.188616206403496e-05,2.1529644604796583e-05,2.144261830538573e-05,3.059928329941419e-05,3.0384592126422434e-05,3.0234842039253833e-05,2.9954574200510644e-05,2.9517678658880286e-05,2.9229055717241775e-05,2.905807146236302e-05,4.010565019702006e-05,3.975444491123416e-05,3.9627122334605836e-05,3.9229932501222507e-05,3.866676495102008e-05,3.826571899780755e-05,3.809686254460719e-05,3.7670953647629374e-05,4.606961482346938e-05,4.535498624306487e-05,4.462270011288871e-05,4.409888858029123e-05,4.387426336504538e-05,4.334579329344854e-05,7.204264843073539e-05,7.092997406265556e-05,7.02058763118133e-05,6.908800351246805e-05,6.835824704226039e-05,8.55324983396883e-05,8.466442817015874e-05,8.32135603450094e-05,8.234418962662732e-05,7.9062865661781e-05,7.787628961493751e-05,7.714277065209019e-05,9.680807940217022e-05,LC_V24_H3p5_T8,9.680807940217022e-05
30,"(30, 1)",91,1,single,,K,1.4577205027398347e-06,5.447494427140798e-07,5.421831928263715e-07,5.446140617862107e-07,5.419070734111586e-07,5.464237832397705e-07,7.658574872683219e-07,7.605281871985187e-07,7.976623921654864e-07,7.666591008220783e-07,7.610708681705817e-07,7.822539438766881e-07,7.699381522206492e-07,6.949972468082691e-07,6.888430684496609e-07,7.263307959210444e-07,7.047538567935084e-07,6.869909901755599e-07,7.077816235321544e-07,6.943133795931131e-07,8.755138400928967e-07,8.72087784228165e-07,8.990503289850602e-07,8.830491276121096e-07,9.046205126105053e-07,8.766132588362624e-07,9.030261963309469e-07,8.856057242363063e-07,2.100466971953004e-06,2.0902535001358743e-06,2.135664016097918e-06,2.1043027881221297e-06,2.1323827397507057e-06,2.118263001237957e-06,2.0876692513739467e-06,4.335835108230194e-06,4.363992779503184e-06,4.333435012495809e-06,4.3552631850506934e-06,4.335148065017901e-06,4.357142290389712e-06,4.309231076025725e-06,6.399344426818281e-06,6.418382666019363e-06,6.392348894596743e-06,6.405624212463758e-06,6.378489902217916e-06,6.396269235924152e-06,6.347037759877432e-06,6.352384555508446e-06,6.214209760434721e-06,6.17603875093934e-06,6.125031243549493e-06,6.132450993036203e-06,6.067751559588381e-06,6.067061793223933e-06,9.044208427537494e-06,8.966053381828709e-06,8.972311531126559e-06,8.87620870659452e-06,8.875117828432799e-06,1.1243415261792745e-05,1.1231829111561092e-05,1.1095621430741965e-05,1.10735572122339e-05,1.0948098542389254e-05,1.0833881895784348e-05,1.0812253775071193e-05,1.478584934059755e-05,LC_V24_H3p5_T8,1.478584934059755e-05
30,"(30, 1)",91,1,single,,Y,2.742208795392533e-06,7.300546306315622e-07,7.247360371989301e-07,7.283989539926215e-07,7.229617314421484e-07,7.29839509361607e-07,1.2149640361215496e-06,1.2071267673846782e-06,1.2551609750569808e-06,1.2122872242329606e-06,1.204161873029477e-06,1.2302373926540577e-06,1.213145219960467e-06,1.6207591564649166e-06,1.6107122565225737e-06,1.6580060900696463e-06,1.6254554326711443e-06,1.5968240189645812e-06,1.6193080183018935e-06,1.5981373565752137e-06,2.5409901565933633e-06,2.535110847428698e-06,2.5721159922919806e-06,2.547032945993687e-06,2.574022341384146e-06,2.530303379375694e-06,2.5651567658714764e-06,2.5385736193903266e-06,7.299703230216131e-06,7.2817378894489e-06,7.3115521077992014e-06,7.25869069787998e-06,7.258015439972707e-06,7.190079120420727e-06,7.141580010610082e-06,1.2198023650801142e-05,1.2190585924960944e-05,1.213430015816315e-05,1.211688661351915e-05,1.2021149545941766e-05,1.2008481058167447e-05,1.1914436396836163e-05,1.703916228426051e-05,1.701831274201546e-05,1.6961587939722832e-05,1.6922028002610432e-05,1.680422321640501e-05,1.6767377752228e-05,1.6679090781472526e-05,1.6625177175995454e-05,1.911158658686225e-05,1.8903123296390697e-05,1.8679621272711745e-05,1.857757954655572e-05,1.8437984447753862e-05,1.8335808301617238e-05,2.946828212629868e-05,2.909551095740149e-05,2.8943647111130276e-05,2.855180308825511e-05,2.8411430962777017e-05,3.744615891853185e-05,3.7183999979280736e-05,3.661362613178696e-05,3.6346053866921734e-05,3.7464371757532275e-05,3.698141342977626e-05,3.6723132904096285e-05,4.971237278674412e-05,LC_V24_H3p5_T8,4.971237278674412e-05
30,"(30, 0)",99,1,single,,K,1.234018072742195e-06,1.424744285040045e-07,1.4022604120103866e-07,1.4568282338826155e-07,1.4243285596586618e-07,1.5071402992721826e-07,2.3622653605839932e-07,2.3357768486200904e-07,2.562221299966417e-07,2.4088340058282513e-07,2.369443941709434e-07,2.5591616115087756e-07,2.474961685436514e-07,4.7204429076448073e-07,4.687909660083847e-07,4.926897286073049e-07,4.803739677934194e-07,4.6743528761103666e-07,4.872853245048275e-07,4.7580262270627947e-07,6.326709247693444e-07,6.29075019201929e-07,6.587033471299745e-07,6.45255748909683e-07,6.74887354360602e-07,6.437085823407164e-07,6.858740159037795e-07,6.63968906795164e-07,3.676693458022325e-06,3.6669780325418408e-06,3.6888926045579904e-06,3.658228370479539e-06,3.6722528076450905e-06,3.6426959098980724e-06,3.596771842283701e-06,5.565918794699319e-06,5.584393941544136e-06,5.541586754271601e-06,5.558310653423417e-06,5.518105824187131e-06,5.548914500216993e-06,5.4601048554836905e-06,8.0248158600424e-06,8.051592498391027e-06,7.985320730945631e-06,8.006085521985594e-06,7.939406474133523e-06,7.9699859159992e-06,7.861601773427469e-06,7.874441314674103e-06,9.126367007205463e-06,9.03495681536649e-06,8.930242843010697e-06,8.915009206035592e-06,8.807795060923341e-06,8.78898461635037e-06,1.393501901497526e-05,1.3776175185845217e-05,1.3772505105938774e-05,1.3594163895519253e-05,1.3600599074379175e-05,1.7417887763786958e-05,1.7420445770071012e-05,1.7163731267210693e-05,1.7154641666614383e-05,1.5772169571288713e-05,1.557388338164035e-05,1.558900969652346e-05,2.0589919532243293e-05,LC_V24_H3p5_T8,2.0589919532243293e-05
30,"(30, 0)",99,1,single,,Y,2.1964824336185913e-06,3.8552581944720535e-07,3.8093422054914905e-07,3.853663539037837e-07,3.7991249639650096e-07,3.8826690406536534e-07,9.142607438935934e-07,9.078818021624164e-07,9.471466020213594e-07,9.145642447779531e-07,9.0728641171173e-07,9.336695205528838e-07,9.189655760507237e-07,2.1905213133528084e-06,2.183780730472563e-06,2.2040948994459586e-06,2.1792282695888016e-06,2.154304362425252e-06,2.162056451505814e-06,2.1414148068775177e-06,3.0715998079808013e-06,3.0629037549665736e-06,3.1072780878171756e-06,3.0777227780856647e-06,3.113202044991762e-06,3.0534723761261637e-06,3.1072920528978493e-06,3.0683651513371988e-06,2.0071776240342347e-05,2.0037384318351667e-05,1.9939914330640365e-05,1.9841497478651357e-05,1.9687793523921302e-05,1.9390916466027287e-05,1.9272871617930735e-05,2.7956334613316576e-05,2.782064365362951e-05,2.7666676615405955e-05,2.7481023925717263e-05,2.7118276456072156e-05,2.6944218407152313e-05,2.6718072093153452e-05,3.7171649530979526e-05,3.696708246452281e-05,3.679472484729335e-05,3.65415934678787e-05,3.606236529012161e-05,3.581229918460904e-05,3.556481244668e-05,3.527694569213743e-05,4.191083615970398e-05,4.128859824916678e-05,4.064018493155347e-05,4.02927814241978e-05,4.00129882153008e-05,3.961283484052957e-05,6.585486599947071e-05,6.488266002750979e-05,6.43648336539591e-05,6.335777263963066e-05,6.2818604242741e-05,7.871884949798225e-05,7.813055747493099e-05,7.675712555813583e-05,7.614956725261435e-05,7.109054671618116e-05,7.001814161417708e-05,6.946989257602752e-05,8.656723519443538e-05,LC_V24_H3p5_T8,8.656723519443538e-05
34,"(34, 0)",70,2,single,,K,1.3521232609565014e-06,7.076201051577111e-07,7.078708115996981e-07,7.08248379017404e-07,7.078776553355585e-07,7.107556496422737e-07,1.114238861472526e-06,1.1091796833875652e-06,1.1495921220337843e-06,1.1179725713232268e-06,1.111315933849476e-06,1.138980258714776e-06,1.124185388330408e-06,9.636311026027386e-07,9.58808327688249e-07,9.92392038282887e-07,9.74591597791419e-07,9.572864881623991e-07,9.802161178394373e-07,9.660519043085605e-07,1.2560489775208857e-06,1.2523974181929412e-06,1.2804159433747631e-06,1.2660509780932084e-06,1.2918542123780672e-06,1.2619830158364495e-06,1.2962046030761062e-06,1.2758434619197055e-06,2.7761832179671128e-06,2.7682384664815586e-06,2.8059826601013116e-06,2.781769010776481e-06,2.8114640378373276e-06,2.805965642024249e-06,2.7729435462873626e-06,5.513077463381477e-06,5.532470171295059e-06,5.508404560647605e-06,5.531089926733272e-06,5.518860197237075e-06,5.5532341169850884e-06,5.4954443729835505e-06,7.565018541689444e-06,7.582450002559256e-06,7.570078711361096e-06,7.601366882446613e-06,7.604365344982515e-06,7.653361303203828e-06,7.594092879382595e-06,7.6357030717782e-06,7.508796085492849e-06,7.481357912361391e-06,7.4426552413592255e-06,7.442287796924891e-06,7.382404090821806e-06,7.388446793935037e-06,1.0826272002134821e-05,1.0769965242315673e-05,1.0778109931636794e-05,1.0717082473219668e-05,1.0733913415962254e-05,1.330693164719877e-05,1.327948774000736e-05,1.316887313868057e-05,1.3157861428603869e-05,1.255214591840862e-05,1.2455710158536557e-05,1.2464170976992417e-05,1.6814887788355426e-05,LC_V24_H3p5_T8,1.6814887788355426e-05
34,"(34, 0)",70,2,single,,Y,1.9854987289680324e-06,6.21094150721903e-07,6.200927833480898e-07,6.202987332965216e-07,6.187927299659915e-07,6.212749723112228e-07,1.3234468559287292e-06,1.317768048470573e-06,1.3536491502717939e-06,1.3217009182020042e-06,1.3148547999147885e-06,1.3371290112149437e-06,1.3226752797202055e-06,1.790949010449273e-06,1.784002351922732e-06,1.8129546920166095e-06,1.791308503858722e-06,1.7689669625416711e-06,1.7845844670237503e-06,1.7671971999429777e-06,3.1771904569415457e-06,3.174802587258591e-06,3.188175821881366e-06,3.17307240372241e-06,3.187598061572092e-06,3.157305353423503e-06,3.1797570923524494e-06,3.1597255833212806e-06,9.003619505805645e-06,8.990199757557431e-06,8.976596839823954e-06,8.938418003198774e-06,8.906460303831715e-06,8.824186882043671e-06,8.778029483376201e-06,1.3115798019754198e-05,1.3071023339471065e-05,1.3033891406435613e-05,1.2988936559894543e-05,1.288730669813635e-05,1.2859123235253584e-05,1.2773518132417511e-05,1.7139470480863164e-05,1.709690652131835e-05,1.706022626363726e-05,1.7023586898645476e-05,1.6929556648661928e-05,1.6911752795074925e-05,1.682189961939321e-05,1.6794065032129616e-05,1.98182769403944e-05,1.9595616581769997e-05,1.9374070455460278e-05,1.923727650526501e-05,1.9123476352242417e-05,1.899373179520944e-05,3.146948528058664e-05,3.109018658609961e-05,3.0890125416924666e-05,3.054778095496202e-05,3.0378743332891587e-05,3.986079890395448e-05,3.9504898653486e-05,3.8958330691690565e-05,3.8652934570349307e-05,3.850962898097419e-05,3.8035351927000024e-05,3.777211498293975e-05,5.022802721747929e-05,LC_V24_H3p5_T8,5.022802721747929e-05
34,"(34, 1)",84,2,single,,K,1.5312215076380223e-06,1.097952197025957e-07,1.0774391651907451e-07,1.246405283077431e-07,1.1817289000526972e-07,1.4424955327837333e-07,1.9315607420517056e-07,1.8969199083750302e-07,2.3886022403907186e-07,2.1228342911200075e-07,2.0337226101220174e-07,2.589663361853673e-07,2.3741441540981583e-07,4.005451159727346e-07,3.9517459992161925e-07,4.587213044769238e-07,4.3769600395888874e-07,4.080605372070195e-07,4.803999720391704e-07,4.503422681112118e-07,5.837631466853173e-07,5.812562184110258e-07,6.010086932008976e-07,5.9282844284351e-07,6.164777022337714e-07,5.943802203766114e-07,6.429234463533041e-07,6.135144178976729e-07,3.3033526734521663e-06,3.297079228252543e-06,3.302512051127407e-06,3.2843494583121614e-06,3.2881432094568276e-06,3.2653576437714775e-06,3.233081105287404e-06,4.786421596791561e-06,4.7936321106143385e-06,4.7604079236803015e-06,4.765311543560185e-06,4.731191978657633e-06,4.780247178651171e-06,4.695852271607923e-06,6.926253281247257e-06,6.931069184335953e-06,6.891388423221287e-06,6.895377138927642e-06,6.845761157218905e-06,6.858641257168213e-06,6.7864075259932385e-06,6.787435746138867e-06,8.153563640827779e-06,8.06863186114485e-06,7.977040398340875e-06,7.97026186684079e-06,7.896583454732558e-06,7.86662189840633e-06,1.2562829167087978e-05,1.2428462562922233e-05,1.2408861903692313e-05,1.2265818143466229e-05,1.22552594960447e-05,1.578231588210312e-05,1.5773837521789442e-05,1.5564163466032762e-05,1.5550411702565636e-05,1.4466682822152805e-05,1.4312021907610206e-05,1.4322964655326055e-05,1.9366794893087707e-05,LC_V24_H3p5_T8,1.9366794893087707e-05
34,"(34, 1)",84,2,single,,Y,2.497780412633896e-06,3.2804908296648903e-07,3.223349395171943e-07,3.5569673057655467e-07,3.4077286689030857e-07,3.924747481852509e-07,8.553934273907676e-07,8.440979115723356e-07,9.709148815235788e-07,8.947693910932388e-07,8.705562007055061e-07,1.0014144691974806e-06,9.469545069300242e-07,2.266111209157433e-06,2.248686395286659e-06,2.406779318338229e-06,2.343218340067173e-06,2.2556400868662373e-06,2.4279875397709746e-06,2.343099393392664e-06,3.2798901252443616e-06,3.2725820796794916e-06,3.292904442608647e-06,3.2713042909657506e-06,3.289012387289924e-06,3.2410381994945827e-06,3.3265971126214627e-06,3.246658519533292e-06,2.2788023514110756e-05,2.275385630382807e-05,2.2572585043903924e-05,2.2487413220816376e-05,2.224306587667981e-05,2.186807553708275e-05,2.1765509406689756e-05,3.0169183664906663e-05,2.995389557804407e-05,2.9810168370062834e-05,2.9533334842996056e-05,2.90989931728078e-05,2.8851914681324506e-05,2.8631419485381036e-05,3.880681488116481e-05,3.8485561825520705e-05,3.8349364470848116e-05,3.797975660336843e-05,3.7433198266113494e-05,3.70611449242313e-05,3.687231882960412e-05,3.647209837687967e-05,4.40899046277606e-05,4.3384001360080055e-05,4.265436245976989e-05,4.224030349696399e-05,4.1982102893044046e-05,4.1484887759739356e-05,7.006449797794843e-05,6.89159689730454e-05,6.82133265983323e-05,6.705288880299661e-05,6.632264423593701e-05,8.238726283229814e-05,8.15800956964901e-05,8.003297726172056e-05,7.922156125799295e-05,7.4037918089614e-05,7.287465579277114e-05,7.214746483371857e-05,8.888585001482091e-05,LC_V24_H3p5_T8,8.888585001482091e-05
34,"(34, 0)",87,1,single,,K,1.2384903349677317e-06,5.183048891381005e-07,5.179908789965516e-07,5.175982563333055e-07,5.171363828106834e-07,5.184644165970462e-07,8.917682651280603e-07,8.867419051414701e-07,9.225882468938003e-07,8.922874171931912e-07,8.869254113859565e-07,9.07459535847122e-07,8.954045754184428e-07,8.131062060871384e-07,8.076904635024189e-07,8.407127497822631e-07,8.212022102470161e-07,8.051542250831848e-07,8.234599909571647e-07,8.110640882836858e-07,1.0469211167535548e-06,1.0430887207542968e-06,1.0697985198838847e-06,1.054183517655946e-06,1.074444259308305e-06,1.048138234154029e-06,1.0736681166692115e-06,1.0573559626885757e-06,2.2583844643286757e-06,2.2496873550053852e-06,2.285243209194332e-06,2.2588504806853204e-06,2.2801021025757022e-06,2.2660827179865076e-06,2.239957032509251e-06,4.5214116996103285e-06,4.540163995823017e-06,4.514467258943118e-06,4.52836289591972e-06,4.506706895447176e-06,4.52323369919449e-06,4.4819433189176815e-06,6.393043437731846e-06,6.4101380208156446e-06,6.386526074304832e-06,6.400599541747794e-06,6.3791463322415285e-06,6.398699951864938e-06,6.352699320609051e-06,6.364495478152335e-06,6.378491595490893e-06,6.339478089004282e-06,6.29012065277176e-06,6.2934917251051e-06,6.241176484508891e-06,6.234536154790684e-06,9.214826828325535e-06,9.143771656116894e-06,9.1347491277114e-06,9.05534639542634e-06,9.049379696735232e-06,1.1530263550679664e-05,1.1481144728010167e-05,1.1368360477543738e-05,1.1330593250228412e-05,1.1252571257194909e-05,1.1143484317638401e-05,1.1115643546467733e-05,1.5418633903956887e-05,LC_V24_H3p5_T8,1.5418633903956887e-05
34,"(34, 0)",87,1,single,,Y,2.3785213522573126e-06,6.704661252746597e-07,6.692506223837184e-07,6.681098144336844e-07,6.66578288163115e-07,6.678669612451091e-07,1.4639951144473121e-06,1.4560129066367053e-06,1.5039721294009233e-06,1.460560599729146e-06,1.4525197289411259e-06,1.4778480931925286e-06,1.4610681237219204e-06,1.8569914309945164e-06,1.8473132800311892e-06,1.8921961995253247e-06,1.860324806030782e-06,1.8324910298070907e-06,1.8532493273632268e-06,1.8325262206406536e-06,2.9580487241297943e-06,2.9517408401308826e-06,2.9892571602558924e-06,2.963195645106098e-06,2.9903786600370754e-06,2.945986383546048e-06,2.981501957593354e-06,2.9547589286160993e-06,7.646413673266323e-06,7.629012615731058e-06,7.64949705584727e-06,7.599047479473387e-06,7.590850044726733e-06,7.517782694711021e-06,7.46821774266863e-06,1.2231499333517741e-05,1.22098308433205e-05,1.2163142978038067e-05,1.2133747157299958e-05,1.2038368859538986e-05,1.2014716076722614e-05,1.1938614540688507e-05,1.6572989839989894e-05,1.654898320596838e-05,1.6499752965961055e-05,1.6465171204328616e-05,1.6358260648839367e-05,1.6330460897650196e-05,1.6242053982438265e-05,1.620040697607168e-05,1.8678309771315942e-05,1.8471595700114992e-05,1.825079782783601e-05,1.8160074521624107e-05,1.8033487264858147e-05,1.7928243216938544e-05,2.8683653462267105e-05,2.834337080527439e-05,2.8170760482917727e-05,2.785167420270471e-05,2.769100396517064e-05,3.656921658740142e-05,3.623881634859484e-05,3.5767932764280425e-05,3.5495130446223605e-05,3.6170395536079856e-05,3.573312244960448e-05,3.547804218413002e-05,4.8243978050255e-05,LC_V24_H3p5_T8,4.8243978050255e-05
34,"(34, 1)",97,1,single,,K,1.1935793605258793e-06,1.420519055732235e-07,1.405206090451788e-07,1.448526307199603e-07,1.4228307401252516e-07,1.4924777646988792e-07,2.9775690974162536e-07,2.9492815841890903e-07,3.2020939523261405e-07,3.021376711486231e-07,2.9797422837713745e-07,3.1861435355170737e-07,3.089397480826613e-07,5.755049749970763e-07,5.717063157347469e-07,5.990763418252835e-07,5.845513857856993e-07,5.705029730319117e-07,5.916866913324441e-07,5.794440978273532e-07,7.376824845751441e-07,7.33354420462739e-07,7.709525047488521e-07,7.535126771885925e-07,7.902892741470527e-07,7.525878151513668e-07,8.029163449265994e-07,7.765033330414612e-07,3.929207963872875e-06,3.918736902974698e-06,3.944412340684479e-06,3.9083833497134e-06,3.926491453500849e-06,3.8931551446042955e-06,3.842058844373257e-06,5.787743940136702e-06,5.8109424013686996e-06,5.757689669731174e-06,5.777527583198956e-06,5.728237403312887e-06,5.760867740828685e-06,5.665029248294525e-06,8.25100757718228e-06,8.289287988407794e-06,8.223020063587098e-06,8.253873640584413e-06,8.19327457324619e-06,8.235513265228899e-06,8.116125341850441e-06,8.138070312341657e-06,9.667602871261646e-06,9.593752524842742e-06,9.500084924657398e-06,9.546649995619935e-06,9.413491822348077e-06,9.407389126801829e-06,1.4774361736820548e-05,1.461273271018807e-05,1.46206165293372e-05,1.4426418937251947e-05,1.4436774158921127e-05,1.8564942707313616e-05,1.8573006830954673e-05,1.8324614558691272e-05,1.832606615158714e-05,1.7081731881579024e-05,1.6888961549796757e-05,1.6902345533840085e-05,2.3196805110204202e-05,LC_V24_H3p5_T8,2.3196805110204202e-05
34,"(34, 1)",97,1,single,,Y,2.185643970897302e-06,3.943934189136888e-07,3.913822617033678e-07,3.9395399756977577e-07,3.9004608396057735e-07,3.961807358048611e-07,1.0358630131360245e-06,1.0288313629886993e-06,1.0753166954440966e-06,1.0359913936181068e-06,1.0279524332827606e-06,1.0581498577453092e-06,1.0408644049045464e-06,2.433512616024353e-06,2.4254679458239263e-06,2.454031914082e-06,2.4231108098738257e-06,2.395984061238076e-06,2.4070447592064124e-06,2.3847072286865276e-06,3.2832738731336516e-06,3.2730609472863136e-06,3.335208728638638e-06,3.297735811424437e-06,3.3478666062544e-06,3.2738797146639616e-06,3.344667498923766e-06,3.296410547082467e-06,2.0784040464518868e-05,2.0746637852472888e-05,2.0660883718460008e-05,2.0548365874130882e-05,2.040066260106579e-05,2.009143863584199e-05,1.995934787591628e-05,2.8415303498343083e-05,2.8290704965757318e-05,2.8113815273596e-05,2.793283865207037e-05,2.754971473749174e-05,2.737824385896604e-05,2.7134163869737852e-05,3.7397572095347307e-05,3.721171788688529e-05,3.703528432753213e-05,3.680374799530594e-05,3.6336413073720126e-05,3.611157849049379e-05,3.584547771444091e-05,3.557731987791327e-05,4.271158229649061e-05,4.213701990686433e-05,4.151778235833863e-05,4.129786248865648e-05,4.096362173022073e-05,4.0594881815999674e-05,6.713015536333301e-05,6.613447478088312e-05,6.559743095118136e-05,6.45633502740846e-05,6.402916567141113e-05,8.051964910606212e-05,7.988286280566141e-05,7.854850325955319e-05,7.79238036080534e-05,7.328710627129e-05,7.223401720387927e-05,7.172973081370696e-05,9.192290935419052e-05,LC_V24_H3p5_T8,9.192290935419052e-05
45,"(45,)",69,2,single,B_as_chord,X,1.2297607324402394e-06,1.6824897380231122e-07,1.6682416767693598e-07,1.673109758108632e-07,1.654897924929008e-07,1.6887807308963447e-07,4.123553837804152e-07,4.0972840980849353e-07,4.218406796932924e-07,4.093031486140942e-07,4.0682556724136194e-07,4.125474684140848e-07,4.0771574584647075e-07,8.120281822166171e-07,8.082695570434549e-07,8.167056915495877e-07,8.060117643406884e-07,7.952120371026798e-07,7.963009126918598e-07,7.88425978732315e-07,1.5436009014014787e-06,1.5410624475287885e-06,1.5488389253021163e-06,1.5399322605249641e-06,1.5437202358549855e-06,1.5286822864432248e-06,1.5359489956284304e-06,1.5268035751215781e-06,5.216133614271228e-06,5.205698928720121e-06,5.179489937221974e-06,5.153165816194856e-06,5.108832371526806e-06,5.034304430280235e-06,5.011257695792306e-06,6.879152016062702e-06,6.824271455011261e-06,6.801940372988782e-06,6.743530696247903e-06,6.654799738412899e-06,6.600550823574657e-06,6.559944972333683e-06,8.963268937534882e-06,8.924557972354211e-06,8.887051834526881e-06,8.836764048838962e-06,8.736208719826664e-06,8.686412167095743e-06,8.6316109235356e-06,8.573994234207317e-06,1.1279282686841966e-05,1.1084980365268991e-05,1.0891194935275388e-05,1.0771533241010154e-05,1.0692724511960097e-05,1.0574599976488602e-05,1.8055618244891397e-05,1.771865798265597e-05,1.7524027117798336e-05,1.7226206194171686e-05,1.7047935750395086e-05,2.3532817757423186e-05,2.3244688202052644e-05,2.280042347011624e-05,2.2531886028976592e-05,2.211052129172866e-05,2.1733780212636156e-05,2.1501297207432147e-05,2.9449888802953374e-05,LC_V24_H3p5_T8,2.9449888802953374e-05
45,"(45,)",71,2,single,A_as_chord,X,1.0965518201655712e-06,1.3507523747022338e-07,1.346295435948783e-07,1.3395359598730364e-07,1.3345617038927515e-07,1.3503260716877123e-07,4.2330474788623654e-07,4.215133984539712e-07,4.2876784864656865e-07,4.1970222416421655e-07,4.180002459579347e-07,4.2082416770890994e-07,4.1734345059677815e-07,8.790781747219572e-07,8.755074653192996e-07,8.808255675125037e-07,8.711238391955479e-07,8.61257868375296e-07,8.60996874790084e-07,8.540609511233035e-07,1.6153403011251612e-06,1.6127816971286535e-06,1.6184053512309404e-06,1.6101219877946343e-06,1.6115704218686553e-06,1.5971033635100817e-06,1.6022178885102994e-06,1.593560851153705e-06,5.224189114965467e-06,5.2159818857111595e-06,5.189271531374037e-06,5.168367019902258e-06,5.127689176953008e-06,5.062492913826741e-06,5.043289472017931e-06,7.3097570419228596e-06,7.257588134122507e-06,7.2336083139644585e-06,7.176230922155198e-06,7.087586558880884e-06,7.034537296529172e-06,6.997216877053451e-06,9.944738121540033e-06,9.889001996755698e-06,9.85575435129017e-06,9.791441100662406e-06,9.682898644653879e-06,9.618812935755792e-06,9.573631020211926e-06,9.505285897691665e-06,1.2650933718321068e-05,1.2450324682385122e-05,1.2248836048910856e-05,1.2147678479453153e-05,1.2074826232041712e-05,1.1941595603739022e-05,2.0053494505041833e-05,1.974689023251283e-05,1.9548620760001304e-05,1.9270675373477585e-05,1.9097690067809498e-05,2.5768662095904647e-05,2.5453358903055823e-05,2.504147833319512e-05,2.476087776374275e-05,2.543846934716408e-05,2.504027341614209e-05,2.4760746704802018e-05,3.3292219993487646e-05,LC_V24_H3p5_T8,3.3292219993487646e-05
46,"(46,)",73,2,single,B_as_chord,X,1.107237249953022e-06,1.8051610801877805e-07,1.7990216198267963e-07,1.7836414459325922e-07,1.778553391074658e-07,1.7788479831997402e-07,4.198876712371005e-07,4.181164623561543e-07,4.250571308871089e-07,4.164390925286227e-07,4.1472339339337854e-07,4.1751058890126646e-07,4.14153801216408e-07,8.591547133976554e-07,8.567452867866683e-07,8.571710839710067e-07,8.498749823473365e-07,8.425721929676041e-07,8.383937551868416e-07,8.330275710926063e-07,1.5254227860839671e-06,1.5240516223299858e-06,1.5251240323804653e-06,1.519616084030399e-06,1.5187390623380805e-06,1.509564777363955e-06,1.5108886493116194e-06,1.5053157446678537e-06,5.0310254018569686e-06,5.022792192550445e-06,4.997851087942972e-06,4.977751418608119e-06,4.9386918330761645e-06,4.8786034230030125e-06,4.8641661824838975e-06,7.413819016277739e-06,7.360023521763077e-06,7.337701291825569e-06,7.279444660261366e-06,7.190424250309272e-06,7.135862749740535e-06,7.1006117950775085e-06,1.0072120100848735e-05,1.0024339524308571e-05,9.987217048906278e-06,9.928616856140402e-06,9.823604894559022e-06,9.76420138610179e-06,9.717699195513577e-06,9.652969883322218e-06,1.2831003545409097e-05,1.2632522039267775e-05,1.2436990218288308e-05,1.2326868238257655e-05,1.2259507113589921e-05,1.2124174609811296e-05,2.0573685068978004e-05,2.024510984038293e-05,2.0029629617118307e-05,1.971595130071785e-05,1.9532461949553512e-05,2.7116291489825935e-05,2.6776393539625067e-05,2.631501734327065e-05,2.6009849759502484e-05,2.7358521710511494e-05,2.6946051075751605e-05,2.6670766142138284e-05,3.6613301400929764e-05,LC_V24_H3p5_T8,3.6613301400929764e-05
46,"(46,)",75,2,single,A_as_chord,X,1.2711464717411167e-06,1.59802738497469e-07,1.5813361675156515e-07,1.586898822253977e-07,1.5700724228688855e-07,1.6098219752027093e-07,3.341059936159494e-07,3.3224647481327106e-07,3.426047534841969e-07,3.331946091062898e-07,3.310725661930692e-07,3.391172036456465e-07,3.3466050325994825e-07,7.985288113474059e-07,7.952040258157669e-07,8.023982758762809e-07,7.920295258585903e-07,7.821345196763094e-07,7.833186097039126e-07,7.754247627985576e-07,1.3591874919416392e-06,1.356653175817856e-06,1.3634276556533332e-06,1.3550894067451485e-06,1.3574798612029686e-06,1.342899773409804e-06,1.3505006501346658e-06,1.3408519707600302e-06,5.388456231840271e-06,5.377012384833255e-06,5.351604924039494e-06,5.323950377526848e-06,5.278918192475648e-06,5.201286977962604e-06,5.1765505886322114e-06,7.226251157875461e-06,7.175912202211511e-06,7.151101199202836e-06,7.09653275957634e-06,7.007431884549129e-06,6.95625324325096e-06,6.910794637258192e-06,9.511678846557122e-06,9.455576035805527e-06,9.424108015897933e-06,9.360476370928083e-06,9.258098867940161e-06,9.19656983073726e-06,9.149497463981837e-06,9.080156213814138e-06,1.1717383132647708e-05,1.1516462756570948e-05,1.1318382562253688e-05,1.1186863452647004e-05,1.1113080565916594e-05,1.0989695082438764e-05,1.894652756827163e-05,1.8570812246900293e-05,1.835212820349506e-05,1.8001422440114566e-05,1.7806499602054458e-05,2.4541100961958897e-05,2.4220363488069744e-05,2.37084386249871e-05,2.340504801442455e-05,2.371338212685098e-05,2.3315236302772705e-05,2.3073565175396244e-05,3.1633104243736324e-05,LC_V24_H3p5_T8,3.1633104243736324e-05
47,"(47,)",77,2,single,B_as_chord,X,2.1711047838305344e-06,3.638459127087931e-07,3.545156234916179e-07,3.877852679069558e-07,3.7107697904230105e-07,4.218177969473681e-07,8.651666789225326e-07,8.519154635309622e-07,9.948182979410563e-07,8.998017404834643e-07,8.750938306789192e-07,1.0043899916572257e-06,9.470571104091079e-07,2.1890341339546622e-06,2.172536069855032e-06,2.336964433662165e-06,2.2634633556105225e-06,2.179832899862375e-06,2.3331731572839867e-06,2.254884411094227e-06,2.5039052686446703e-06,2.487114116272676e-06,2.685248645229159e-06,2.6097240736886515e-06,2.8269489912364013e-06,2.6248229690610665e-06,2.924839834537159e-06,2.7773609284724686e-06,2.2075003270464775e-05,2.199637499352511e-05,2.2267314674432316e-05,2.201494503724103e-05,2.2232924187480613e-05,2.2064529918620145e-05,2.1667308336236583e-05,2.850116194212946e-05,2.868313832011237e-05,2.838789670266474e-05,2.860111401937149e-05,2.8439956017565703e-05,2.882278637466546e-05,2.8171048980216986e-05,3.653957170562813e-05,3.6607153610890775e-05,3.6349984878292494e-05,3.644561271769526e-05,3.617014847785578e-05,3.6436415519969596e-05,3.5809005086638497e-05,3.600399800132554e-05,3.9313008110361166e-05,3.904764910701628e-05,3.866234649721731e-05,3.8843147631384894e-05,3.808342551508397e-05,3.827553621529503e-05,6.33009423356584e-05,6.255790930717192e-05,6.270988002069205e-05,6.176890516607805e-05,6.201025243806538e-05,7.16726197135198e-05,7.179370381451635e-05,7.057783810376399e-05,7.073843380442711e-05,6.390530179591312e-05,6.299289362131746e-05,6.336554042683428e-05,7.528217547714776e-05,LC_V24_H3p5_T8,7.528217547714776e-05
47,"(47,)",79,2,single,A_as_chord,X,1.8963046302488873e-06,3.3685482379441036e-07,3.2985917839027567e-07,3.5863980731220965e-07,3.4444052550938563e-07,3.891287844787559e-07,9.83454540954776e-07,9.70124240587512e-07,1.1140369490477887e-06,1.0187690480781812e-06,9.9358755355296e-07,1.125142927453026e-06,1.0663206423967917e-06,2.300740647845045e-06,2.285307107987009e-06,2.440058289129322e-06,2.3717922511920243e-06,2.291270296798202e-06,2.4381968264770294e-06,2.360341619774553e-06,2.7661990670084953e-06,2.74766797792874e-06,2.9514648579878754e-06,2.8719313587635414e-06,3.0969596234887477e-06,2.89047682194624e-06,3.203218364065926e-06,3.0512964397168726e-06,2.1826960708890297e-05,2.1752599727886155e-05,2.2034751497628825e-05,2.1791460381360782e-05,2.202484804033986e-05,2.1870879069663137e-05,2.14795064181228e-05,2.896807037420332e-05,2.915353278897205e-05,2.885810496229527e-05,2.9091246790672255e-05,2.892694464754514e-05,2.931191082992445e-05,2.866142138953819e-05,3.79380740582502e-05,3.803073525432992e-05,3.775998373961105e-05,3.788654562915488e-05,3.760598438235092e-05,3.788473815443291e-05,3.7229398066753665e-05,3.743812145637479e-05,4.136227002675411e-05,4.1053121726657096e-05,4.0648404414602e-05,4.096130746629399e-05,4.019412480497172e-05,4.037559615136496e-05,6.640418674187076e-05,6.568656056065874e-05,6.579440721223916e-05,6.491160094795888e-05,6.514340310407492e-05,7.534213734676402e-05,7.547211456335743e-05,7.43060624976955e-05,7.44904726880463e-05,6.88810357885446e-05,6.79038829436549e-05,6.826023108321696e-05,8.153169314957069e-05,LC_V24_H3p5_T8,8.153169314957069e-05
48,"(48,)",81,2,single,B_as_chord,X,1.9214731283703826e-06,3.968692004245852e-07,3.8974429887831247e-07,4.190204057284059e-07,4.045878813526923e-07,4.5048053628239325e-07,1.0310952636528255e-06,1.014445083065086e-06,1.169982873349466e-06,1.0636929362423396e-06,1.0369135466332814e-06,1.1711639528473972e-06,1.1104981690256977e-06,2.1795748505961527e-06,2.157637760090779e-06,2.347054217330655e-06,2.264518622934745e-06,2.166569729110077e-06,2.3365667293041595e-06,2.2496109580187565e-06,2.6711390441647016e-06,2.647432921528929e-06,2.858614326476695e-06,2.7702365346264096e-06,2.9891419329783895e-06,2.766363618848714e-06,3.076813688974854e-06,2.917487144553721e-06,1.822358987343512e-05,1.8166983411232288e-05,1.8375497833055354e-05,1.817920484788536e-05,1.8381127614819485e-05,1.82615227326501e-05,1.7920846129295834e-05,2.513420709580915e-05,2.534125291192857e-05,2.5060515499385004e-05,2.528602082024447e-05,2.5139833026535882e-05,2.5500080424371935e-05,2.4894663090682114e-05,3.219057423016797e-05,3.226258084684524e-05,3.202501320227411e-05,3.215162768134633e-05,3.1908159498527484e-05,3.2214557531183506e-05,3.1575242810290945e-05,3.181790392131469e-05,3.644928680454329e-05,3.6156631865856056e-05,3.5764219613036725e-05,3.6048199256815364e-05,3.5350596589204117e-05,3.552068908631414e-05,5.7871031460663944e-05,5.727273797975243e-05,5.7513107484615294e-05,5.668183322139923e-05,5.699523913421445e-05,6.764837355013879e-05,6.767297655209993e-05,6.658848661973747e-05,6.672529675982792e-05,6.286644652488918e-05,6.204192120085483e-05,6.233824127595832e-05,7.594419059475043e-05,LC_V24_H3p5_T8,7.594419059475043e-05
48,"(48,)",83,2,single,A_as_chord,X,2.1205314739456072e-06,4.003881781869701e-07,3.914319899375696e-07,4.251551703499234e-07,4.0829622759645614e-07,4.5952616452531125e-07,9.758849574666084e-07,9.587912826074067e-07,1.118345318413326e-06,1.0078968605267342e-06,9.80828307783739e-07,1.1185748462892615e-06,1.0556664318650076e-06,2.1113275155623274e-06,2.0891249138311728e-06,2.2856131928250492e-06,2.2017609231807446e-06,2.102307769665451e-06,2.280907391774446e-06,2.191820924967896e-06,2.5562954317005357e-06,2.5346674263523423e-06,2.7447199846063683e-06,2.658260045651551e-06,2.884854854227089e-06,2.6608745167946902e-06,2.982615537369618e-06,2.8186530387392238e-06,1.8517736574309137e-05,1.8453015325965534e-05,1.868494944433335e-05,1.847554480343746e-05,1.8680431156659495e-05,1.855078738378274e-05,1.8183717227054313e-05,2.4706336321248412e-05,2.4911168502139145e-05,2.463712716991575e-05,2.4862711312366383e-05,2.4720746058670118e-05,2.509800806581001e-05,2.4468413135645493e-05,3.095032540857937e-05,3.1100221101362205e-05,3.083532624989748e-05,3.103222292202289e-05,3.082479042837534e-05,3.120704844924022e-05,3.052162140076218e-05,3.081692468328193e-05,3.482887563194767e-05,3.4635780000864824e-05,3.427914573162657e-05,3.4559578681637235e-05,3.3738161375705294e-05,3.397855580388898e-05,5.5604427891579324e-05,5.495255420892505e-05,5.522848014510772e-05,5.434067290518161e-05,5.466455043975411e-05,6.453171988084143e-05,6.471167153699616e-05,6.353667194065582e-05,6.377616932941101e-05,5.7864825555692906e-05,5.7042237993798456e-05,5.734161115852545e-05,6.897278784783472e-05,LC_V24_H3p5_T8,6.897278784783472e-05
