point_id,member_id,end,D,t,z,zone,propset,environment,category,not_assessable,not_assessable_reason,sn_curve,D_life,D_life_seed_std,D_life_min,D_life_max,life_years,worst_theta_deg,n_bins_used
0,1,1,1.2,0.05,-45.5,submerged,2,seawater_cp,B1,False,,B1,0.009464817144417555,0.0008957752479234297,0.004344813420992602,0.016321987207708437,2641.3611186081134,90.0,69
1,1,2,1.2,0.05,-45.0,submerged,2,seawater_cp,B1,False,,B1,0.004879377658275217,0.00046011958881559995,0.0022222601130102177,0.00842219437306011,5123.60422801073,90.0,69
2,2,1,1.2,0.05,-45.0,submerged,2,seawater_cp,B1,False,,B1,0.00493690982035006,0.0004660495885113236,0.002247959645475806,0.008528745488226568,5063.896427062411,225.0,69
3,2,2,1.2,0.05,-44.001,submerged,2,seawater_cp,B1,False,,B1,0.0018974376077645718,0.00017600316411449718,0.0008260764640202119,0.003256169094189278,13175.663799271508,202.5,69
4,3,1,1.2,0.05,-44.001,submerged,2,seawater_cp,B1,False,,B1,0.0023131828797953572,0.00021778758969793604,0.0010092154298995439,0.004006395227632974,10807.619327621733,202.5,69
5,3,2,1.2,0.05,-43.127,submerged,2,seawater_cp,B1,False,,B1,0.0008722726556574406,7.438086755157979e-05,0.00038165622683769426,0.0014104046998330126,28660.763166027773,180.0,69
6,4,1,1.2,0.05,-43.127,submerged,2,seawater_cp,B1,False,,B1,0.00045052853037062194,3.5563483217044853e-05,0.00020040497829549984,0.0006909152841189485,55490.38144029202,180.0,69
7,4,2,1.2,0.05,-24.614,submerged,2,seawater_cp,B1,False,,B1,0.0004868507092783306,3.713947805794679e-05,0.00022995309044412192,0.0007493427484147834,51350.443829193646,270.0,69
8,5,1,1.2,0.05,-45.5,submerged,2,seawater_cp,B1,False,,B1,0.011407222649856205,0.0009408920432122984,0.005954486906694021,0.01861271481087374,2191.593937224951,270.0,69
9,5,2,1.2,0.05,-45.0,submerged,2,seawater_cp,B1,False,,B1,0.006024207785915107,0.0004978863325236976,0.0031348939175102576,0.009831059393527445,4149.923257702237,270.0,69
10,6,1,1.2,0.05,-45.0,submerged,2,seawater_cp,B1,False,,B1,0.006093162984252561,0.0005034057763550065,0.003170590669842186,0.009940941082810309,4102.95934387626,135.0,69
11,6,2,1.2,0.05,-44.001,submerged,2,seawater_cp,B1,False,,B1,0.0025571161422012017,0.00021901737669001025,0.0013040585693839062,0.004203517891278099,9776.638451188865,157.5,69
12,7,1,1.2,0.05,-44.001,submerged,2,seawater_cp,B1,False,,B1,0.003085005840842337,0.00026287017540754435,0.001578950804519883,0.0050676508407411225,8103.712371959056,157.5,69
13,7,2,1.2,0.05,-43.127,submerged,2,seawater_cp,B1,False,,B1,0.0011968284324721812,0.00010451411756468953,0.000603885344540448,0.0019773362198301845,20888.54118243142,180.0,69
14,8,1,1.2,0.05,-43.127,submerged,2,seawater_cp,B1,False,,B1,0.000622940186776458,5.528867748041701e-05,0.0003107684099924458,0.0010320642914211698,40132.26394875572,180.0,69
15,8,2,1.2,0.05,-24.614,submerged,2,seawater_cp,B1,False,,B1,0.0006134677203461364,5.1116880380490734e-05,0.0003133660316656224,0.0010051368147440645,40751.94043770432,90.0,69
16,9,1,1.2,0.05,-45.5,submerged,2,seawater_cp,B1,False,,B1,0.008709680383705036,0.0008218797141146155,0.0038744194548594223,0.015019383410111794,2870.3693934363614,247.49999999999997,69
17,9,2,1.2,0.05,-45.0,submerged,2,seawater_cp,B1,False,,B1,0.004556751248324942,0.000430195737326514,0.002005959056853075,0.007876650459755287,5486.36487655322,247.49999999999997,69
18,10,1,1.2,0.05,-45.0,submerged,2,seawater_cp,B1,False,,B1,0.0046132559698072555,0.00043585172908319465,0.002031280535183391,0.00798043140194145,5419.166021486667,202.5,69
19,10,2,1.2,0.05,-44.001,submerged,2,seawater_cp,B1,False,,B1,0.0018601687504370794,0.0001726692267674565,0.0008011537677308791,0.0031946515645932603,13439.640889637465,202.5,69
20,11,1,1.2,0.05,-44.001,submerged,2,seawater_cp,B1,False,,B1,0.002257212497241147,0.00021239744028813857,0.0009701445653657919,0.003909255257864433,11075.607649060943,202.5,69
21,11,2,1.2,0.05,-43.127,submerged,2,seawater_cp,B1,False,,B1,0.0008615838327410905,7.396450509920675e-05,0.0003771998173041104,0.0013992528278537245,29016.329055831535,180.0,69
22,12,1,1.2,0.05,-43.127,submerged,2,seawater_cp,B1,False,,B1,0.00044385913275155476,3.5231920800659166e-05,0.0001975609990803514,0.0006828879505723579,56324.17619757184,180.0,69
23,12,2,1.2,0.05,-24.614,submerged,2,seawater_cp,B1,False,,B1,0.00047938851021537903,3.6676909002217525e-05,0.00022720969106603998,0.000739212248478003,52149.768856095514,270.0,69
24,13,1,1.2,0.05,-45.5,submerged,2,seawater_cp,B1,False,,B1,0.010671096693633792,0.000887723759729492,0.005443620454415648,0.017459414264361938,2342.777009500308,90.0,69
25,13,2,1.2,0.05,-45.0,submerged,2,seawater_cp,B1,False,,B1,0.005714903863859107,0.0004750059355286917,0.0029213063439881026,0.009352454572754717,4374.526780423955,90.0,69
26,14,1,1.2,0.05,-45.0,submerged,2,seawater_cp,B1,False,,B1,0.00578330312121391,0.00048044410159319345,0.002957102882607053,0.009462249622574793,4322.789152845325,135.0,69
27,14,2,1.2,0.05,-44.001,submerged,2,seawater_cp,B1,False,,B1,0.0025427045413516413,0.00021584527830946637,0.0012954896971329025,0.004171971148013949,9832.05071349367,157.5,69
28,15,1,1.2,0.05,-44.001,submerged,2,seawater_cp,B1,False,,B1,0.0030523272483024212,0.000258226440556494,0.0015588757474223538,0.005007941992281394,8190.471717573524,157.5,69
29,15,2,1.2,0.05,-43.127,submerged,2,seawater_cp,B1,False,,B1,0.001202876171459253,0.000103862422306465,0.0006077118720172349,0.0019810766697225066,20783.51919605456,180.0,69
30,16,1,1.2,0.05,-43.127,submerged,2,seawater_cp,B1,False,,B1,0.0006275901600886213,5.4962213081191844e-05,0.00031372192163099243,0.0010352644543400419,39834.91391335673,180.0,69
31,16,2,1.2,0.05,-24.614,submerged,2,seawater_cp,B1,False,,B1,0.0006166668248314534,5.091345180890999e-05,0.000316968104336073,0.0010104014762499572,40540.53014256599,90.0,69
32,17,1,1.2,0.035,-24.614,submerged,3,seawater_cp,B1,False,,B1,0.001046866770770192,7.510818124650607e-05,0.0005222661719441214,0.001561084219813538,23880.78473596713,270.0,69
33,17,2,1.2,0.035,-8.922,submerged,3,seawater_cp,B1,False,,B1,0.0010969549932542092,8.409812325221127e-05,0.0005162394233633543,0.0016660009811082566,22790.360729235937,180.0,69
34,18,1,1.2,0.035,-8.922,splash,3,free_corrosion,B1,False,,B1,0.05924100327835533,0.0029606057796269978,0.03653528344286345,0.08354098768071316,422.0050069465005,180.0,69
35,18,2,1.2,0.035,4.378,splash,3,free_corrosion,B1,False,,B1,0.05041679522367249,0.0022724353371702454,0.032011351018315794,0.0687277737169315,495.8665041894929,247.49999999999997,69
36,19,1,1.2,0.035,4.378,splash,3,free_corrosion,B1,False,,B1,0.030894692619589555,0.00140726575894059,0.020182343012490108,0.042704521723709685,809.2004768530412,270.0,69
37,19,2,1.2,0.035,15.651,splash,3,free_corrosion,B1,False,,B1,0.04018167783922395,0.0021165718963258376,0.025417319634493177,0.05814634540193451,622.1741187620561,180.0,69
38,20,1,1.2,0.035,15.651,atmospheric,3,air,B1,False,,B1,0.0003412099399242754,2.8013828907334394e-05,0.00018208088998474927,0.0005513063894561235,73268.6744282662,180.0,69
39,20,2,1.2,0.035,16.15,atmospheric,3,air,B1,False,,B1,0.0005447191887400894,4.476727527087084e-05,0.0002824085753439077,0.0008662869326822565,45895.20713934066,180.0,69
40,21,1,1.2,0.035,-24.614,submerged,3,seawater_cp,B1,False,,B1,0.0013001590849655877,0.00010961646722498002,0.0006652241582485486,0.002113253198508199,19228.4161908246,90.0,69
41,21,2,1.2,0.035,-8.922,submerged,3,seawater_cp,B1,False,,B1,0.0014926625329355755,0.00013519782449847087,0.000740655550794533,0.002451402070739914,16748.594842019138,180.0,69
42,22,1,1.2,0.035,-8.922,splash,3,free_corrosion,B1,False,,B1,0.07364409921256744,0.0036431453302582886,0.04690597731668455,0.10289301412324633,339.4705111110073,180.0,69
43,22,2,1.2,0.035,4.378,splash,3,free_corrosion,B1,False,,B1,0.06050457775458069,0.0027754561173141037,0.03928537250128284,0.08341801126800882,413.1918761817538,112.5,69
44,23,1,1.2,0.035,4.378,splash,3,free_corrosion,B1,False,,B1,0.03602724641947329,0.0016502190125557176,0.023637124962089518,0.04985332055987667,693.9192551359438,90.0,69
45,23,2,1.2,0.035,15.651,splash,3,free_corrosion,B1,False,,B1,0.048668216228368436,0.0024922245066346534,0.03083233089834454,0.06862876119014631,513.6822743346743,180.0,69
46,24,1,1.2,0.035,15.651,atmospheric,3,air,B1,False,,B1,0.0004184372408873207,3.6844033640202875e-05,0.00020781404731665928,0.0006717452179028481,59746.11616066016,180.0,69
47,24,2,1.2,0.035,16.15,atmospheric,3,air,B1,False,,B1,0.0006530724394635951,5.733141113785378e-05,0.0003249878100976924,0.00105096823831743,38280.59261011519,157.5,69
48,25,1,1.2,0.035,-24.614,submerged,3,seawater_cp,B1,False,,B1,0.0010251611304848327,7.404847448413827e-05,0.0005086210145362261,0.0015307905053755077,24386.41034719749,270.0,69
49,25,2,1.2,0.035,-8.922,submerged,3,seawater_cp,B1,False,,B1,0.0010798361787564068,8.326728481842302e-05,0.0005074936313324935,0.0016460830180175252,23151.659938631845,180.0,69
50,26,1,1.2,0.035,-8.922,splash,3,free_corrosion,B1,False,,B1,0.05877680545810453,0.002947195521338353,0.03619873370966152,0.0831272361332835,425.3378489210294,180.0,69
51,26,2,1.2,0.035,4.378,splash,3,free_corrosion,B1,False,,B1,0.05018924180161414,0.0022660173093133717,0.031876950466702185,0.06880713334439299,498.1147174691126,247.49999999999997,69
52,27,1,1.2,0.035,4.378,splash,3,free_corrosion,B1,False,,B1,0.03133507602156759,0.0014132573196075904,0.020363274309637674,0.04311410764041904,797.8279670613459,270.0,69
53,27,2,1.2,0.035,15.651,splash,3,free_corrosion,B1,False,,B1,0.039457643755116976,0.002090421141676345,0.02488946369811636,0.057379702301541075,633.5907981519533,180.0,69
54,28,1,1.2,0.035,15.651,atmospheric,3,air,B1,False,,B1,0.00032594229218818274,2.698260229409718e-05,0.00017190069990345966,0.0005305924898773312,76700.69395464107,180.0,69
55,28,2,1.2,0.035,16.15,atmospheric,3,air,B1,False,,B1,0.0005012752240977829,3.987505098436344e-05,0.0002601989655448547,0.0007941854733777,49872.80200212587,157.5,69
56,29,1,1.2,0.035,-24.614,submerged,3,seawater_cp,B1,False,,B1,0.0013120172241806937,0.00010873197168602754,0.0006779608949859831,0.002126000504679538,19054.627896071695,90.0,69
57,29,2,1.2,0.035,-8.922,submerged,3,seawater_cp,B1,False,,B1,0.0015074717442914952,0.0001350356912539281,0.000752031200053839,0.0024673703919621953,16584.058769041727,180.0,69
58,30,1,1.2,0.035,-8.922,splash,3,free_corrosion,B1,False,,B1,0.07404171589609534,0.0036478546009643567,0.04717254879535153,0.10349633186180472,337.64749638005617,180.0,69
59,30,2,1.2,0.035,4.378,splash,3,free_corrosion,B1,False,,B1,0.060734515082755125,0.002779308792441308,0.0394273558820356,0.08363010666626147,411.62755586235784,112.5,69
60,31,1,1.2,0.035,4.378,splash,3,free_corrosion,B1,False,,B1,0.036658076710125255,0.0016586843003393462,0.024072827085575645,0.050577367098211534,681.977949844128,90.0,69
61,31,2,1.2,0.035,15.651,splash,3,free_corrosion,B1,False,,B1,0.049349255713421886,0.002528368474420007,0.03130787579096501,0.06955491600531712,506.59325330413367,180.0,69
62,32,1,1.2,0.035,15.651,atmospheric,3,air,B1,False,,B1,0.00043173770167137055,3.829526724707425e-05,0.00021376355400574233,0.0006948718042657565,57905.52898951934,180.0,69
63,32,2,1.2,0.035,16.15,atmospheric,3,air,B1,False,,B1,0.0006489553617413943,5.57075724399543e-05,0.0003230119377740402,0.0010358924962464142,38523.45087790858,180.0,69
64,33,1,0.8,0.02,-44.001,submerged,1,seawater_cp,B1,False,,B1,5.731129658597819e-06,5.061818273014109e-07,3.07093302871199e-06,9.624407120870212e-06,4362141.757252882,180.0,69
65,33,2,0.8,0.02,-44.001,submerged,1,seawater_cp,B1,False,,B1,5.732083932869342e-06,5.259075925830734e-07,2.9847261585213075e-06,9.626933495455158e-06,4361415.550223041,0.0,69
66,34,1,0.8,0.02,-44.001,submerged,1,seawater_cp,B1,False,,B1,1.0888059637922987e-06,1.0793582079735836e-07,5.30746342278176e-07,1.8993316896480262e-06,22960932.27936159,180.0,69
67,34,2,0.8,0.02,-44.001,submerged,1,seawater_cp,B1,False,,B1,1.1761272844513738e-06,1.210399845749594e-07,5.991378448319153e-07,2.035975510550589e-06,21256202.734605983,180.0,69
68,35,1,0.8,0.02,-44.001,submerged,1,seawater_cp,B1,False,,B1,4.67575702935568e-06,4.057972846827476e-07,2.4335878503694284e-06,7.560490235394606e-06,5346727.779703516,0.0,69
69,35,2,0.8,0.02,-44.001,submerged,1,seawater_cp,B1,False,,B1,4.700345429224869e-06,3.9609173922146603e-07,2.505232014857456e-06,7.60134063964793e-06,5318758.030965128,180.0,69
70,36,1,0.8,0.02,-44.001,submerged,1,seawater_cp,B1,False,,B1,1.203791989774152e-06,1.3550430783138623e-07,6.539555176520713e-07,2.2312859731776685e-06,20767707.554434173,180.0,69
71,36,2,0.8,0.02,-44.001,submerged,1,seawater_cp,B1,False,,B1,9.291709432145656e-07,9.578731214008546e-08,4.3791448475593825e-07,1.6252468022735002e-06,26905705.761213157,0.0,69
72,37,1,0.8,0.02,-43.127,submerged,1,seawater_cp,B1,False,,B1,6.0215975823561745e-05,5.50578039836587e-06,2.9421172457152154e-05,0.00010180574929269841,415172.2139860734,292.5,69
73,37,2,0.8,0.02,-33.373,submerged,1,seawater_cp,B1,False,,B1,3.9502423640998105e-05,4.3803957428924725e-06,1.8464357704050348e-05,7.247663925313003e-05,632872.5606105197,225.0,69
74,38,1,0.8,0.02,-33.373,submerged,1,seawater_cp,B1,False,,B1,9.00979549163867e-05,7.940514319846347e-06,4.385051247883237e-05,0.0001502942904872418,277475.7764835025,337.5,69
75,38,2,0.8,0.02,-24.614,submerged,1,seawater_cp,B1,False,,B1,0.0001252667565337839,1.1225409565166085e-05,5.782154871312052e-05,0.00020804754831708764,199574.09844213224,180.0,69
76,39,1,0.8,0.02,-43.127,submerged,1,seawater_cp,B1,False,,B1,7.98615429546735e-05,8.73091037567245e-06,4.4279649794681686e-05,0.00014638713054429423,313041.7855085656,67.5,69
77,39,2,0.8,0.02,-33.373,submerged,1,seawater_cp,B1,False,,B1,4.849551633770766e-05,5.7504868629429326e-06,2.5724705922629457e-05,9.124474854942168e-05,515511.5748414305,157.5,69
78,40,1,0.8,0.02,-33.373,submerged,1,seawater_cp,B1,False,,B1,0.00010936530411769946,9.832552019050965e-06,6.0864539202648194e-05,0.00018605496850191555,228591.6927830684,0.0,69
79,40,2,0.8,0.02,-24.614,submerged,1,seawater_cp,B1,False,,B1,0.00016361995958575417,1.599494520509908e-05,9.187318253361244e-05,0.00028755967298913014,152793.0948234794,157.5,69
80,41,1,0.8,0.02,-43.127,submerged,1,seawater_cp,B1,False,,B1,7.71845481442862e-05,7.4602083531972675e-06,4.108615772517317e-05,0.0001311536679907326,323899.0264381135,45.0,69
81,41,2,0.8,0.02,-33.373,submerged,1,seawater_cp,B1,False,,B1,4.997434572663154e-05,5.281228314778713e-06,2.5350235527221593e-05,8.790839138090933e-05,500256.67442960426,157.5,69
82,42,1,0.8,0.02,-33.373,submerged,1,seawater_cp,B1,False,,B1,0.00010256850096688072,9.007485932850467e-06,5.369198791634848e-05,0.0001677467576054233,243739.54736915263,0.0,69
83,42,2,0.8,0.02,-24.614,submerged,1,seawater_cp,B1,False,,B1,0.0001540916289293809,1.4109781101793646e-05,8.021690086974585e-05,0.00025501675991617437,162241.1299932284,157.5,69
84,43,1,0.8,0.02,-43.127,submerged,1,seawater_cp,B1,False,,B1,7.236761959632242e-05,6.8370070877597326e-06,3.597869456902181e-05,0.00012411139152049717,345458.3712916606,292.5,69
85,43,2,0.8,0.02,-33.373,submerged,1,seawater_cp,B1,False,,B1,4.527963940199868e-05,4.624404556192517e-06,2.1795215288923733e-05,7.983819489649687e-05,552124.5383172482,202.5,69
86,44,1,0.8,0.02,-33.373,submerged,1,seawater_cp,B1,False,,B1,0.00010069996245756992,8.834662573623968e-06,5.255112086318297e-05,0.00016656491941191006,248262.2574018713,337.5,69
87,44,2,0.8,0.02,-24.614,submerged,1,seawater_cp,B1,False,,B1,0.00014518877469094226,1.2971729424430325e-05,7.429636431808957e-05,0.0002406000396625588,172189.62039742077,202.5,69
88,45,1,0.8,0.02,-43.127,submerged,1,seawater_cp,B1,False,,B1,0.0003979407031938072,3.6994538827197974e-05,0.0001954510505406964,0.0006730287645716506,62823.430223030904,22.5,69
89,45,2,0.8,0.02,-33.373,submerged,1,seawater_cp,B1,False,,B1,0.0003997109816543445,3.700466456915173e-05,0.00019539058435550432,0.0006681721431028247,62545.19176963491,202.5,69
90,46,1,0.8,0.02,-33.373,submerged,1,seawater_cp,B1,False,,B1,0.0004131391391420603,3.586275794984143e-05,0.00021516126445920986,0.000687711183396856,60512.30113882675,202.5,69
91,46,2,0.8,0.02,-24.614,submerged,1,seawater_cp,B1,False,,B1,0.0002730216586263803,2.519713555841083e-05,0.0001379251626172691,0.0004615894825680088,91567.82698405457,67.5,69
92,47,1,0.8,0.02,-43.127,submerged,1,seawater_cp,B1,False,,B1,0.00042688901595054954,3.793626636010727e-05,0.00022632480898562428,0.0007257249121507724,58563.23087707644,337.5,69
93,47,2,0.8,0.02,-33.373,submerged,1,seawater_cp,B1,False,,B1,0.00042721696152627625,3.720197078406967e-05,0.00022203160128540827,0.000711751815610471,58518.275844397525,157.5,69
94,48,1,0.8,0.02,-33.373,submerged,1,seawater_cp,B1,False,,B1,0.00038489089969389917,3.514525821768582e-05,0.0001858372297547342,0.0006416754847691505,64953.47128207581,157.5,69
95,48,2,0.8,0.02,-24.614,submerged,1,seawater_cp,B1,False,,B1,0.00028105714976289715,2.4983010183654577e-05,0.00014571194113180294,0.0004743542996223519,88949.88090888373,247.49999999999997,69
96,49,1,0.8,0.02,-43.127,submerged,1,seawater_cp,B1,False,,B1,0.000350935979596724,3.0220687597951147e-05,0.0001826610395354431,0.0005732968765763452,71238.06464281205,337.5,69
97,49,2,0.8,0.02,-33.373,submerged,1,seawater_cp,B1,False,,B1,0.00036142017644494865,3.1230390624182954e-05,0.0001837199854940031,0.0005900828410541767,69171.56713802885,157.5,69
98,50,1,0.8,0.02,-33.373,submerged,1,seawater_cp,B1,False,,B1,0.00032267578531157263,2.938477907330582e-05,0.00015348822165393787,0.0005271997891144847,77477.14931834827,157.5,69
99,50,2,0.8,0.02,-24.614,submerged,1,seawater_cp,B1,False,,B1,0.0002343548751655766,2.0541551452707935e-05,0.00011735820139200135,0.0003803672721761825,106675.82648893895,270.0,69
100,51,1,0.8,0.02,-43.127,submerged,1,seawater_cp,B1,False,,B1,0.0003228211023869674,2.9366033329504294e-05,0.000158875610104026,0.0005313404171111657,77442.27318210556,22.5,69
101,51,2,0.8,0.02,-33.373,submerged,1,seawater_cp,B1,False,,B1,0.00033588626185372157,3.084620199209207e-05,0.0001622781820501901,0.0005502615092232409,74429.95692061826,202.5,69
102,52,1,0.8,0.02,-33.373,submerged,1,seawater_cp,B1,False,,B1,0.00035320111844572917,3.0425161132066265e-05,0.0001789013327504155,0.0005763670625185453,70781.20281728766,202.5,69
103,52,2,0.8,0.02,-24.614,submerged,1,seawater_cp,B1,False,,B1,0.00022671171717086132,2.0962044346348185e-05,0.00011184408757906631,0.0003744618093218375,110272.20080186127,67.5,69
104,53,1,0.8,0.02,-24.614,submerged,1,seawater_cp,B1,False,,B1,9.725280199140918e-05,9.050268765609757e-06,5.4553992411393045e-05,0.0001678215692452282,257062.00220543132,157.5,69
105,53,2,0.8,0.02,-16.371,submerged,1,seawater_cp,B1,False,,B1,7.208315982595124e-05,6.4523999452459e-06,3.829546647939709e-05,0.00012040338808444654,346821.64406171814,337.5,69
106,54,1,0.8,0.02,-16.371,submerged,1,seawater_cp,B1,False,,B1,3.94727274177672e-05,4.667437474911111e-06,2.054341720796225e-05,7.386713976767496e-05,633348.684913705,202.5,69
107,54,2,0.8,0.02,-8.922,submerged,1,seawater_cp,B1,False,,B1,3.165721754185807e-05,2.981387314195052e-06,1.5388658067263268e-05,5.349719056212997e-05,789709.3282738539,225.0,69
108,55,1,0.8,0.02,-24.614,submerged,1,seawater_cp,B1,False,,B1,7.864164592399541e-05,7.401832364028106e-06,3.992315693838109e-05,0.00013364106550776145,317897.7208101886,22.5,69
109,55,2,0.8,0.02,-16.371,submerged,1,seawater_cp,B1,False,,B1,8.886640692654424e-05,9.688178207760724e-06,4.7315771338775875e-05,0.00016187086489352566,281321.15232997615,180.0,69
110,56,1,0.8,0.02,-16.371,submerged,1,seawater_cp,B1,False,,B1,2.9641396658717777e-05,3.0705801276340595e-06,1.2410213179393734e-05,5.091105186833677e-05,843415.0484824505,157.5,69
111,56,2,0.8,0.02,-8.922,submerged,1,seawater_cp,B1,False,,B1,3.961414930842066e-05,4.3803640843467255e-06,2.2589960307785962e-05,7.320631362160207e-05,631087.6400590994,135.0,69
112,57,1,0.8,0.02,-24.614,submerged,1,seawater_cp,B1,False,,B1,8.592946154582879e-05,7.415346754631256e-06,4.348642973706956e-05,0.00013729185927545138,290936.30461848923,202.5,69
113,57,2,0.8,0.02,-16.371,submerged,1,seawater_cp,B1,False,,B1,9.015607298601938e-05,8.526505341223678e-06,4.457279031740897e-05,0.00015084093659759198,277296.90493370075,180.0,69
114,58,1,0.8,0.02,-16.371,submerged,1,seawater_cp,B1,False,,B1,3.375760997113099e-05,3.3994959626413193e-06,1.517483759482289e-05,5.740980413989732e-05,740573.7557066283,157.5,69
115,58,2,0.8,0.02,-8.922,submerged,1,seawater_cp,B1,False,,B1,3.781587635936416e-05,3.7876081468451437e-06,1.9602810667009466e-05,6.471904573564205e-05,661097.9939331585,135.0,69
116,59,1,0.8,0.02,-24.614,submerged,1,seawater_cp,B1,False,,B1,9.067227125041352e-05,8.223469077985192e-06,4.7233713356583256e-05,0.0001498026380864399,275718.2505217766,157.5,69
117,59,2,0.8,0.02,-16.371,submerged,1,seawater_cp,B1,False,,B1,7.33731853209013e-05,6.290595855987987e-06,3.5780396263864854e-05,0.000118245805789249,340723.9291937681,180.0,69
118,60,1,0.8,0.02,-16.371,submerged,1,seawater_cp,B1,False,,B1,3.986510289193686e-05,4.18914084443466e-06,1.9258736114783238e-05,6.834561685174302e-05,627114.899659685,202.5,69
119,60,2,0.8,0.02,-8.922,submerged,1,seawater_cp,B1,False,,B1,3.652883315093181e-05,3.4234817534817797e-06,1.896249798546933e-05,6.203374748756981e-05,684390.8727306905,225.0,69
120,61,1,0.8,0.02,-24.614,submerged,1,seawater_cp,B1,False,,B1,0.0002155227420569581,1.8973355483771044e-05,0.0001053885094911584,0.00035610988068793037,115997.03939082693,337.5,69
121,61,2,0.8,0.02,-16.371,submerged,1,seawater_cp,B1,False,,B1,0.0003424824442278319,3.0207530528626216e-05,0.00016662860804770864,0.0005649815106979855,72996.44236178449,157.5,69
122,62,1,0.8,0.02,-16.371,submerged,1,seawater_cp,B1,False,,B1,0.00028233213489776965,2.4476249100600987e-05,0.00014817179430768224,0.0004737257279081634,88548.19168583948,157.5,69
123,62,2,0.8,0.02,-8.922,submerged,1,seawater_cp,B1,False,,B1,9.824084430832155e-05,8.69020440434067e-06,5.1277679217927145e-05,0.0001667351359838849,254476.64030186232,0.0,69
124,63,1,0.8,0.02,-24.614,submerged,1,seawater_cp,B1,False,,B1,0.00023467098054477716,2.06140447473514e-05,0.00012004470002927725,0.0003919450100472585,106532.13252854583,22.5,69
125,63,2,0.8,0.02,-16.371,submerged,1,seawater_cp,B1,False,,B1,0.00038192764950857605,3.296094738127274e-05,0.00019955656663118076,0.0006399795895684731,65457.42376119494,202.5,69
126,64,1,0.8,0.02,-16.371,submerged,1,seawater_cp,B1,False,,B1,0.00026132810275869713,2.370009723257453e-05,0.00012890821290763993,0.0004357984662056832,95665.18004029701,202.5,69
127,64,2,0.8,0.02,-8.922,submerged,1,seawater_cp,B1,False,,B1,9.262114705174134e-05,8.525781988985105e-06,4.657926214218185e-05,0.0001539192892981894,269916.7608670852,202.5,69
128,65,1,0.8,0.02,-24.614,submerged,1,seawater_cp,B1,False,,B1,0.00020239274110806985,1.787014855352051e-05,9.873449820572152e-05,0.00033086067020840113,123522.21657322667,22.5,69
129,65,2,0.8,0.02,-16.371,submerged,1,seawater_cp,B1,False,,B1,0.0003312866347452781,2.8882289211240208e-05,0.0001646502316137672,0.0005432286987411116,75463.35220924976,202.5,69
130,66,1,0.8,0.02,-16.371,submerged,1,seawater_cp,B1,False,,B1,0.0002187955302714424,2.0117278423863328e-05,0.00010350172160189888,0.00035968435730643545,114261.93199186686,202.5,69
131,66,2,0.8,0.02,-8.922,submerged,1,seawater_cp,B1,False,,B1,7.52503387356363e-05,6.747464763008072e-06,3.6449392398790134e-05,0.00012014039977762073,332224.418122928,22.5,69
132,67,1,0.8,0.02,-24.614,submerged,1,seawater_cp,B1,False,,B1,0.00018582087898592686,1.67696261102137e-05,8.667773318625838e-05,0.0003016114819479143,134538.16458318106,315.0,69
133,67,2,0.8,0.02,-16.371,submerged,1,seawater_cp,B1,False,,B1,0.000293818501296095,2.623699504694894e-05,0.0001362037094177491,0.0004773348515136042,85086.54114604682,135.0,69
134,68,1,0.8,0.02,-16.371,submerged,1,seawater_cp,B1,False,,B1,0.00024183678672030356,2.0816523816606215e-05,0.00012229103890063064,0.0003938267346050695,103375.50518694974,157.5,69
135,68,2,0.8,0.02,-8.922,submerged,1,seawater_cp,B1,False,,B1,8.216600357383399e-05,7.168657202271862e-06,4.1112480491675794e-05,0.0001336553459056883,304262.09031251125,0.0,69
136,69,1,0.8,0.02,-8.922,splash,1,free_corrosion,B1,False,,B1,0.014872431681778266,0.0005857748769758635,0.010771590322151338,0.019754270011217996,1680.9625039750595,270.0,69
137,69,2,0.8,0.02,-1.958,splash,1,free_corrosion,B1,False,,B1,0.01398912357691282,0.0006301072786887574,0.009773044714360019,0.01910843647476986,1787.102663190363,247.49999999999997,69
138,70,1,0.8,0.02,-1.958,splash,1,free_corrosion,B1,False,,B1,0.015720452047856815,0.0007289581573957433,0.011257182527681858,0.022007648091114836,1590.2850582091419,202.5,69
139,70,2,0.8,0.02,4.378,splash,1,free_corrosion,B1,False,,B1,0.017722902602181595,0.0007573114845196495,0.012256250259394025,0.024030436066212628,1410.60415221842,202.5,69
140,71,1,0.8,0.02,-8.922,splash,1,free_corrosion,B1,False,,B1,0.01731110315089927,0.0007366965558561346,0.013181214915246913,0.023634690419167173,1444.1598425055488,90.0,69
141,71,2,0.8,0.02,-1.958,splash,1,free_corrosion,B1,False,,B1,0.014766755761428774,0.0007415381680333734,0.010535952723954528,0.021011687396882868,1692.9920426598223,157.5,69
142,72,1,0.8,0.02,-1.958,splash,1,free_corrosion,B1,False,,B1,0.015776705337590173,0.0006877732787363668,0.01089344219916489,0.021256517651708655,1584.6147509920247,180.0,69
143,72,2,0.8,0.02,4.378,splash,1,free_corrosion,B1,False,,B1,0.01822467386454928,0.0008326137593356764,0.013385774831718888,0.025847898395949098,1371.766660177668,135.0,69
144,73,1,0.8,0.02,-8.922,splash,1,free_corrosion,B1,False,,B1,0.01649059593850543,0.0006203878597410109,0.012381027919661221,0.0215439801798368,1516.015557789829,90.0,69
145,73,2,0.8,0.02,-1.958,splash,1,free_corrosion,B1,False,,B1,0.015248086054013777,0.000709426596051956,0.010649957587278868,0.020877812439740913,1639.5500334561145,157.5,69
146,74,1,0.8,0.02,-1.958,splash,1,free_corrosion,B1,False,,B1,0.015489422000892207,0.0006576761264725902,0.010875814145647839,0.020967530301170653,1614.0047058282726,157.5,69
147,74,2,0.8,0.02,4.378,splash,1,free_corrosion,B1,False,,B1,0.018941254643420145,0.0007797603983662624,0.013471071181119721,0.02517281035836389,1319.8703291117283,157.5,69
148,75,1,0.8,0.02,-8.922,splash,1,free_corrosion,B1,False,,B1,0.016713023670252868,0.000700469804432902,0.011863894901920708,0.022443545316859374,1495.8394419375431,270.0,69
149,75,2,0.8,0.02,-1.958,splash,1,free_corrosion,B1,False,,B1,0.013907929912097211,0.0006016445503800419,0.00967350368347616,0.018816398386030827,1797.535661885586,202.5,69
150,76,1,0.8,0.02,-1.958,splash,1,free_corrosion,B1,False,,B1,0.016952185283291406,0.0007274506342208101,0.011800996991939199,0.022614687569818975,1474.7361229375406,180.0,69
151,76,2,0.8,0.02,4.378,splash,1,free_corrosion,B1,False,,B1,0.017873702127112843,0.0007648530551092103,0.012578672807173102,0.024619788258482565,1398.702956008044,202.5,69
152,77,1,0.8,0.02,-8.922,splash,1,free_corrosion,B1,False,,B1,0.042468455262444256,0.0020704113577784218,0.02869158425621465,0.059466535623786565,588.6722237836615,67.5,69
153,77,2,0.8,0.02,-1.958,splash,1,free_corrosion,B1,False,,B1,0.04001546397953092,0.0018616533541962058,0.027033358951198933,0.05549922573889066,624.758468695708,157.5,69
154,78,1,0.8,0.02,-1.958,splash,1,free_corrosion,B1,False,,B1,0.04140424615577764,0.0019599836159301023,0.0280166175919888,0.05796454059013918,603.8028057784466,157.5,69
155,78,2,0.8,0.02,4.378,splash,1,free_corrosion,B1,False,,B1,0.0308045260233125,0.0014437496092470402,0.020566788562217986,0.04290842042320152,811.5690525827372,45.0,69
156,79,1,0.8,0.02,-8.922,splash,1,free_corrosion,B1,False,,B1,0.044014440143918226,0.002068997544593683,0.030667385057513426,0.06125593163834499,567.9954105574241,292.5,69
157,79,2,0.8,0.02,-1.958,splash,1,free_corrosion,B1,False,,B1,0.04244281543095712,0.0019501716233200287,0.02937364778594134,0.05908473118354015,589.0278424311455,202.5,69
158,80,1,0.8,0.02,-1.958,splash,1,free_corrosion,B1,False,,B1,0.03902636995231964,0.0018178657203544522,0.026326368455160343,0.0540701728697925,640.592502724278,202.5,69
159,80,2,0.8,0.02,4.378,splash,1,free_corrosion,B1,False,,B1,0.03259436414804228,0.0015509949167304986,0.022345122782863446,0.04587483198804948,767.0037644069697,202.5,69
160,81,1,0.8,0.02,-8.922,splash,1,free_corrosion,B1,False,,B1,0.03777248319348047,0.0016814989395431252,0.026588168418732006,0.050868538419365464,661.8574657097206,292.5,69
161,81,2,0.8,0.02,-1.958,splash,1,free_corrosion,B1,False,,B1,0.03776370791330747,0.0016553884304629756,0.026020372294040056,0.05069865017531683,662.0112637612659,180.0,69
162,82,1,0.8,0.02,-1.958,splash,1,free_corrosion,B1,False,,B1,0.03499835577320039,0.001553676810688727,0.023643216051871686,0.047062470141744084,714.3192715111343,202.5,69
163,82,2,0.8,0.02,4.378,splash,1,free_corrosion,B1,False,,B1,0.027617007502076685,0.0012555745791439025,0.019149411189732648,0.03783399706951321,905.2392804730963,225.0,69
164,83,1,0.8,0.02,-8.922,splash,1,free_corrosion,B1,False,,B1,0.036086462486749564,0.001673237910731525,0.024712860496865004,0.04872975629559659,692.780568590774,67.5,69
165,83,2,0.8,0.02,-1.958,splash,1,free_corrosion,B1,False,,B1,0.03594081093331429,0.0016096681111650913,0.024238564844513387,0.04839234458573851,695.588089160976,157.5,69
166,84,1,0.8,0.02,-1.958,splash,1,free_corrosion,B1,False,,B1,0.036220139717119695,0.0016404228857330833,0.02437518348259697,0.048950772156519336,690.2237317484334,157.5,69
167,84,2,0.8,0.02,4.378,splash,1,free_corrosion,B1,False,,B1,0.02649521546957511,0.001189293792278438,0.01797317894797683,0.03585006733569869,943.5665857750018,157.5,69
168,85,1,0.8,0.02,4.378,splash,1,free_corrosion,B1,False,,B1,0.020097336007333794,0.0008870821943462339,0.013765610031039467,0.027269859313560775,1243.9459633295257,337.5,69
169,85,2,0.8,0.02,10.262,splash,1,free_corrosion,B1,False,,B1,0.022103344119605618,0.0009825249470861853,0.01508727301868388,0.029859917732806576,1131.0505715660038,202.5,69
170,86,1,0.8,0.02,10.262,atmospheric,1,air,B1,False,,B1,1.3686828183241416e-05,1.5942133235160617e-06,6.811565913615681e-06,2.4410571344176643e-05,1826573.6710723664,247.49999999999997,69
171,86,2,0.8,0.02,15.651,atmospheric,1,air,B1,False,,B1,8.330483811655193e-06,1.0133012648621214e-06,4.0805676258825475e-06,1.5369112384299585e-05,3001026.178698344,0.0,69
172,87,1,0.8,0.02,4.378,splash,1,free_corrosion,B1,False,,B1,0.01853567841252899,0.0008839779888001684,0.012960523654843148,0.02646260725517894,1348.7502018324574,22.5,69
173,87,2,0.8,0.02,10.262,splash,1,free_corrosion,B1,False,,B1,0.02105874375301642,0.001016362621358457,0.014450360266024594,0.02982584076522913,1187.1553352473384,157.5,69
174,88,1,0.8,0.02,10.262,atmospheric,1,air,B1,False,,B1,1.23007129657182e-05,1.5162744010186716e-06,6.1549977158794114e-06,2.3028649553835534e-05,2032402.517616208,112.5,69
175,88,2,0.8,0.02,15.651,atmospheric,1,air,B1,False,,B1,7.870562736217546e-06,9.856993697252344e-07,3.8141147470507117e-06,1.485881417594216e-05,3176392.951543203,337.5,69
176,89,1,0.8,0.02,4.378,splash,1,free_corrosion,B1,False,,B1,0.0206950229036359,0.0008962117777690783,0.014211241915440268,0.0278456739701691,1208.0199242305628,22.5,69
177,89,2,0.8,0.02,10.262,splash,1,free_corrosion,B1,False,,B1,0.02327548206305748,0.0010417392344056983,0.015785344161825025,0.03145799705453663,1074.091609886768,157.5,69
178,90,1,0.8,0.02,10.262,atmospheric,1,air,B1,False,,B1,1.4198511946275566e-05,1.598494085063549e-06,6.796318592080389e-06,2.5245165290482415e-05,1760747.893483147,112.5,69
179,90,2,0.8,0.02,15.651,atmospheric,1,air,B1,False,,B1,8.64884347515286e-06,9.97830897243806e-07,3.942378855267926e-06,1.5589199609071015e-05,2890559.884893529,337.5,69
180,91,1,0.8,0.02,4.378,splash,1,free_corrosion,B1,False,,B1,0.018493019807956267,0.0008125495151056513,0.012861895251274826,0.025621234270981678,1351.8614190444023,337.5,69
181,91,2,0.8,0.02,10.262,splash,1,free_corrosion,B1,False,,B1,0.019954405304460875,0.0008819520007417603,0.013829910275723528,0.0274253495186252,1252.8561798036228,202.5,69
182,92,1,0.8,0.02,10.262,atmospheric,1,air,B1,False,,B1,1.260446810504444e-05,1.4471050941699728e-06,6.039366280509039e-06,2.2690123156176305e-05,1983423.6392723892,247.49999999999997,69
183,92,2,0.8,0.02,15.651,atmospheric,1,air,B1,False,,B1,8.199872315562495e-06,9.498453054458088e-07,3.6414428580849894e-06,1.4781531201985125e-05,3048827.9619369963,0.0,69
184,93,1,0.8,0.02,4.378,splash,1,free_corrosion,B1,False,,B1,0.03766962455970259,0.0017618131714695095,0.025373571879065755,0.05213316053777439,663.6646978091725,22.5,69
185,93,2,0.8,0.02,10.262,splash,1,free_corrosion,B1,False,,B1,0.036306819305685106,0.001632377374486706,0.024750937787857284,0.05040555365658698,688.5758785288408,135.0,69
186,94,1,0.8,0.02,10.262,atmospheric,1,air,B1,False,,B1,5.2794442348042984e-05,5.143400039134734e-06,2.7886818872830872e-05,9.39956486607461e-05,473534.69206454675,135.0,69
187,94,2,0.8,0.02,15.651,atmospheric,1,air,B1,False,,B1,5.167943558861017e-05,5.017430519198169e-06,2.6144267434421172e-05,9.121314435827717e-05,483751.41321221873,0.0,69
188,95,1,0.8,0.02,4.378,splash,1,free_corrosion,B1,False,,B1,0.03978634321854679,0.0019273565855957716,0.02673056869443483,0.05611882673352592,628.3563146950888,337.5,69
189,95,2,0.8,0.02,10.262,splash,1,free_corrosion,B1,False,,B1,0.039461694092299535,0.0019007328503633852,0.026527189429868907,0.055971396580895325,633.5257665706359,202.5,69
190,96,1,0.8,0.02,10.262,atmospheric,1,air,B1,False,,B1,5.4261726416966876e-05,5.473357192171178e-06,2.8228440225721716e-05,9.791462825250694e-05,460729.9039453867,225.0,69
191,96,2,0.8,0.02,15.651,atmospheric,1,air,B1,False,,B1,5.184434331387642e-05,5.091526204557027e-06,2.602714812053534e-05,9.198575735990287e-05,482212.68516499107,0.0,69
192,97,1,0.8,0.02,4.378,splash,1,free_corrosion,B1,False,,B1,0.03386713298266447,0.0015783208728145813,0.02274262246129228,0.046192691488336574,738.178812266061,337.5,69
193,97,2,0.8,0.02,10.262,splash,1,free_corrosion,B1,False,,B1,0.035233561132415214,0.0016043067333531228,0.023478860875089165,0.04799886435953103,709.5507577574882,202.5,69
194,98,1,0.8,0.02,10.262,atmospheric,1,air,B1,False,,B1,4.6978669925378575e-05,4.403283091362105e-06,2.2707001303387368e-05,7.758191882709373e-05,532156.402889019,225.0,69
195,98,2,0.8,0.02,15.651,atmospheric,1,air,B1,False,,B1,4.2111189846146606e-05,4.070972407466132e-06,1.9990279896528406e-05,6.955374931091334e-05,593666.4361975427,0.0,69
196,99,1,0.8,0.02,4.378,splash,1,free_corrosion,B1,False,,B1,0.0329976623774722,0.0014671961792987768,0.02252194763932441,0.0444768577882195,757.6294258064693,22.5,69
197,99,2,0.8,0.02,10.262,splash,1,free_corrosion,B1,False,,B1,0.03328880200393591,0.0014359924492297056,0.022695619599687803,0.04492508865628186,751.0032952535846,135.0,69
198,100,1,0.8,0.02,10.262,atmospheric,1,air,B1,False,,B1,4.545413369122968e-05,4.197385648145918e-06,2.2186709396779042e-05,7.525212878542655e-05,550004.9823812552,135.0,69
199,100,2,0.8,0.02,15.651,atmospheric,1,air,B1,False,,B1,4.189787475666355e-05,4.007938144363572e-06,2.010910842600412e-05,6.914482137520632e-05,596688.9763549148,0.0,69
200,101,1,1.2,0.04,16.15,atmospheric,4,air,B1,True,interface_degenerate,B1,0.0,0.0,0.0,0.0,inf,0.0,69
201,101,2,1.2,0.04,20.15,atmospheric,4,air,B1,True,interface_degenerate,B1,0.0,0.0,0.0,0.0,inf,0.0,69
202,102,1,1.2,0.04,16.15,atmospheric,4,air,B1,True,interface_degenerate,B1,0.0,0.0,0.0,0.0,inf,0.0,69
203,102,2,1.2,0.04,20.15,atmospheric,4,air,B1,True,interface_degenerate,B1,0.0,0.0,0.0,0.0,inf,0.0,69
204,103,1,1.2,0.04,16.15,atmospheric,4,air,B1,True,interface_degenerate,B1,0.0,0.0,0.0,0.0,inf,0.0,69
205,103,2,1.2,0.04,20.15,atmospheric,4,air,B1,True,interface_degenerate,B1,0.0,0.0,0.0,0.0,inf,0.0,69
206,104,1,1.2,0.04,16.15,atmospheric,4,air,B1,True,interface_degenerate,B1,0.0,0.0,0.0,0.0,inf,0.0,69
207,104,2,1.2,0.04,20.15,atmospheric,4,air,B1,True,interface_degenerate,B1,0.0,0.0,0.0,0.0,inf,0.0,69
208,105,1,2.082,0.491,-49.5,submerged,5,seawater_cp,B1,True,grouted_equivalent,B1,3.5680859270931185e-07,3.3570172973607043e-08,1.6838829881703407e-07,6.069249824744411e-07,70065577.20533158,90.0,69
209,105,2,2.082,0.491,-45.5,submerged,5,seawater_cp,B1,True,grouted_equivalent,B1,1.3530562314641717e-08,1.2781030635989464e-09,6.1784437667351095e-09,2.3363987482168776e-08,1847668959.9919255,90.0,69
210,106,1,2.082,0.491,-49.5,submerged,5,seawater_cp,B1,True,grouted_equivalent,B1,3.595621006672276e-07,3.0386294791698084e-08,1.8263267131710395e-07,5.874635960508152e-07,69529018.6413093,90.0,69
211,106,2,2.082,0.491,-45.5,submerged,5,seawater_cp,B1,True,grouted_equivalent,B1,1.567120815560214e-08,1.3004813350269922e-09,8.014758928076194e-09,2.5626349522569422e-08,1595282236.8110147,90.0,69
212,107,1,2.082,0.491,-49.5,submerged,5,seawater_cp,B1,True,grouted_equivalent,B1,4.021980611076984e-07,3.370855697158777e-08,2.1023518850901955e-07,6.585808541404157e-07,62158429.931629226,270.0,69
213,107,2,2.082,0.491,-45.5,submerged,5,seawater_cp,B1,True,grouted_equivalent,B1,1.657115089960189e-08,1.3689285778607207e-09,8.623667679780741e-09,2.703940176520704e-08,1508645968.6152883,270.0,69
214,108,1,2.082,0.491,-49.5,submerged,5,seawater_cp,B1,True,grouted_equivalent,B1,3.1432221415112085e-07,2.941417153666379e-08,1.4516472102493272e-07,5.31748352921294e-07,79536217.53243446,270.0,69
215,108,2,2.082,0.491,-45.5,submerged,5,seawater_cp,B1,True,grouted_equivalent,B1,1.2594201188646809e-08,1.1939173351459225e-09,5.5567942082063574e-09,2.1803438701940717e-08,1985040545.686736,247.49999999999997,69
216,109,1,2.082,0.06,-50.001,submerged,6,seawater_cp,B1,True,buried_pile,B1,0.0013830116222214488,0.00013081489114479702,0.0006461383550061311,0.0023671477861049372,18076.493066518124,90.0,69
217,109,2,2.082,0.06,-49.5,submerged,6,seawater_cp,B1,True,buried_pile,B1,0.001066831277866885,0.00010099599935518661,0.00049714096565216,0.001828740912318345,23433.88361277443,90.0,69
218,110,1,2.082,0.06,-50.001,submerged,6,seawater_cp,B1,True,buried_pile,B1,0.001447454781931646,0.00012148978802782815,0.0007356683857271454,0.0023664707791866903,17271.696713480193,90.0,69
219,110,2,2.082,0.06,-49.5,submerged,6,seawater_cp,B1,True,buried_pile,B1,0.0011278779055648703,9.453198690983851e-05,0.0005732712640955171,0.0018443197766405696,22165.51975763667,90.0,69
220,111,1,2.082,0.06,-50.001,submerged,6,seawater_cp,B1,True,buried_pile,B1,0.0015922917370811908,0.00013223672800372955,0.000832752406499912,0.002601531078548334,15700.64041519626,270.0,69
221,111,2,2.082,0.06,-49.5,submerged,6,seawater_cp,B1,True,buried_pile,B1,0.001235630138370573,0.00010244433596611402,0.0006460361501816046,0.002017882423425499,20232.591633745298,270.0,69
222,112,1,2.082,0.06,-50.001,submerged,6,seawater_cp,B1,True,buried_pile,B1,0.0012372869575999492,0.00011644662876889561,0.0005633964659771372,0.002112808106607199,20205.498689240387,270.0,69
223,112,2,2.082,0.06,-49.5,submerged,6,seawater_cp,B1,True,buried_pile,B1,0.0009582165154747821,9.026524632223345e-05,0.00043475857716633495,0.0016396082532441133,26090.136828431587,270.0,69
