Vw_bin,Vw_representative_ms,Hs_bin,Hs_representative_m,Tp_bin,Tp_representative_s,Probability,NAME
>=25 m/s (parked),26,combined,3.5,combined,8,0.00895,LC_V26_H3p5_T8
1-3 m/s,2,0.25-0.75 m,0.5,3.5-5.5 s,5,0.01556,LC_V2_H0p5_T5
1-3 m/s,2,0.25-0.75 m,0.5,5.5-7.5 s,6,0.02732,LC_V2_H0p5_T6
1-3 m/s,2,0.75-1.25 m,1.0,5.5-7.5 s,7,0.01531,LC_V2_H1p0_T7
1-3 m/s,2,0.75-1.25 m,1.0,7.5-9.5 s,8,0.00312,LC_V2_H1p0_T8
1-3 m/s,2,1.25-1.75 m,1.5,7.5-9.5 s,8,0.00319,LC_V2_H1p5_T8
3-5 m/s,4,0.25-0.75 m,0.5,3.5-5.5 s,5,0.02376,LC_V4_H0p5_T5
3-5 m/s,4,0.25-0.75 m,0.5,5.5-7.5 s,6,0.01869,LC_V4_H0p5_T6
3-5 m/s,4,0.75-1.25 m,1.0,3.5-5.5 s,5,0.00341,LC_V4_H1p0_T5
3-5 m/s,4,0.75-1.25 m,1.0,5.5-7.5 s,7,0.02984,LC_V4_H1p0_T7
3-5 m/s,4,0.75-1.25 m,1.0,7.5-9.5 s,8,0.0033,LC_V4_H1p0_T8
3-5 m/s,4,1.25-1.75 m,1.5,5.5-7.5 s,7,0.00598,LC_V4_H1p5_T7
3-5 m/s,4,1.25-1.75 m,1.5,7.5-9.5 s,8,0.00414,LC_V4_H1p5_T8
5-7 m/s,6,0.25-0.75 m,0.5,3.5-5.5 s,5,0.03917,LC_V6_H0p5_T5
5-7 m/s,6,0.25-0.75 m,0.5,5.5-7.5 s,6,0.01726,LC_V6_H0p5_T6
5-7 m/s,6,0.75-1.25 m,1.0,3.5-5.5 s,5,0.01019,LC_V6_H1p0_T5
5-7 m/s,6,0.75-1.25 m,1.0,5.5-7.5 s,6,0.05033,LC_V6_H1p0_T6
5-7 m/s,6,0.75-1.25 m,1.0,7.5-9.5 s,8,0.0028,LC_V6_H1p0_T8
5-7 m/s,6,1.25-1.75 m,1.5,5.5-7.5 s,7,0.01621,LC_V6_H1p5_T7
5-7 m/s,6,1.25-1.75 m,1.5,7.5-9.5 s,8,0.00456,LC_V6_H1p5_T8
7-9 m/s,8,0.25-0.75 m,0.5,3.5-5.5 s,5,0.03167,LC_V8_H0p5_T5
7-9 m/s,8,0.25-0.75 m,0.5,5.5-7.5 s,6,0.00764,LC_V8_H0p5_T6
7-9 m/s,8,0.75-1.25 m,1.0,3.5-5.5 s,5,0.01896,LC_V8_H1p0_T5
7-9 m/s,8,0.75-1.25 m,1.0,5.5-7.5 s,6,0.043,LC_V8_H1p0_T6
7-9 m/s,8,1.25-1.75 m,1.5,5.5-7.5 s,6,0.02689,LC_V8_H1p5_T6
7-9 m/s,8,1.25-1.75 m,1.5,7.5-9.5 s,8,0.00314,LC_V8_H1p5_T8
7-9 m/s,8,1.75-2.25 m,2.0,5.5-7.5 s,7,0.00488,LC_V8_H2p0_T7
7-9 m/s,8,1.75-2.25 m,2.0,7.5-9.5 s,8,0.00306,LC_V8_H2p0_T8
9-11 m/s,10,0.25-0.75 m,0.5,3.5-5.5 s,5,0.02282,LC_V10_H0p5_T5
9-11 m/s,10,0.25-0.75 m,0.5,5.5-7.5 s,6,0.00283,LC_V10_H0p5_T6
9-11 m/s,10,0.75-1.25 m,1.0,3.5-5.5 s,5,0.0242,LC_V10_H1p0_T5
9-11 m/s,10,0.75-1.25 m,1.0,5.5-7.5 s,6,0.03032,LC_V10_H1p0_T6
9-11 m/s,10,1.25-1.75 m,1.5,5.5-7.5 s,6,0.0472,LC_V10_H1p5_T6
9-11 m/s,10,1.75-2.25 m,2.0,5.5-7.5 s,7,0.01308,LC_V10_H2p0_T7
9-11 m/s,10,1.75-2.25 m,2.0,7.5-9.5 s,8,0.004,LC_V10_H2p0_T8
11-13 m/s,12,0.25-0.75 m,0.5,3.5-5.5 s,5,0.01181,LC_V12_H0p5_T5
11-13 m/s,12,0.75-1.25 m,1.0,3.5-5.5 s,5,0.01966,LC_V12_H1p0_T5
11-13 m/s,12,0.75-1.25 m,1.0,5.5-7.5 s,6,0.01799,LC_V12_H1p0_T6
11-13 m/s,12,1.25-1.75 m,1.5,5.5-7.5 s,6,0.04857,LC_V12_H1p5_T6
11-13 m/s,12,1.75-2.25 m,2.0,5.5-7.5 s,7,0.02097,LC_V12_H2p0_T7
11-13 m/s,12,2.25-2.75 m,2.5,5.5-7.5 s,7,0.0042,LC_V12_H2p5_T7
11-13 m/s,12,2.25-2.75 m,2.5,7.5-9.5 s,8,0.00488,LC_V12_H2p5_T8
13-15 m/s,14,0.25-0.75 m,0.5,3.5-5.5 s,5,0.00532,LC_V14_H0p5_T5
13-15 m/s,14,0.75-1.25 m,1.0,3.5-5.5 s,5,0.00957,LC_V14_H1p0_T5
13-15 m/s,14,0.75-1.25 m,1.0,5.5-7.5 s,6,0.00817,LC_V14_H1p0_T6
13-15 m/s,14,1.25-1.75 m,1.5,5.5-7.5 s,6,0.03631,LC_V14_H1p5_T6
13-15 m/s,14,1.75-2.25 m,2.0,5.5-7.5 s,7,0.02509,LC_V14_H2p0_T7
13-15 m/s,14,2.25-2.75 m,2.5,5.5-7.5 s,7,0.00768,LC_V14_H2p5_T7
13-15 m/s,14,2.25-2.75 m,2.5,7.5-9.5 s,8,0.00499,LC_V14_H2p5_T8
13-15 m/s,14,2.75-3.25 m,3.0,7.5-9.5 s,8,0.00353,LC_V14_H3p0_T8
15-17 m/s,16,0.75-1.25 m,1.0,3.5-5.5 s,5,0.00328,LC_V16_H1p0_T5
15-17 m/s,16,1.25-1.75 m,1.5,5.5-7.5 s,6,0.01532,LC_V16_H1p5_T6
15-17 m/s,16,1.75-2.25 m,2.0,5.5-7.5 s,7,0.03395,LC_V16_H2p0_T7
15-17 m/s,16,2.25-2.75 m,2.5,5.5-7.5 s,7,0.01226,LC_V16_H2p5_T7
15-17 m/s,16,2.25-2.75 m,2.5,7.5-9.5 s,8,0.00504,LC_V16_H2p5_T8
15-17 m/s,16,2.75-3.25 m,3.0,7.5-9.5 s,8,0.00571,LC_V16_H3p0_T8
17-19 m/s,18,1.25-1.75 m,1.5,5.5-7.5 s,6,0.00482,LC_V18_H1p5_T6
17-19 m/s,18,1.75-2.25 m,2.0,5.5-7.5 s,7,0.02345,LC_V18_H2p0_T7
17-19 m/s,18,2.25-2.75 m,2.5,5.5-7.5 s,7,0.01171,LC_V18_H2p5_T7
17-19 m/s,18,2.75-3.25 m,3.0,7.5-9.5 s,8,0.00586,LC_V18_H3p0_T8
17-19 m/s,18,3.25-3.75 m,3.5,7.5-9.5 s,8,0.00301,LC_V18_H3p5_T8
19-21 m/s,20,1.75-2.25 m,2.0,5.5-7.5 s,7,0.00429,LC_V20_H2p0_T7
19-21 m/s,20,2.25-2.75 m,2.5,5.5-7.5 s,7,0.01726,LC_V20_H2p5_T7
19-21 m/s,20,2.75-3.25 m,3.0,7.5-9.5 s,8,0.00595,LC_V20_H3p0_T8
19-21 m/s,20,3.25-3.75 m,3.5,7.5-9.5 s,8,0.00401,LC_V20_H3p5_T8
21-23 m/s,22,2.25-2.75 m,2.5,5.5-7.5 s,7,0.00395,LC_V22_H2p5_T7
21-23 m/s,22,2.75-3.25 m,3.0,7.5-9.5 s,8,0.00412,LC_V22_H3p0_T8
21-23 m/s,22,3.25-3.75 m,3.5,7.5-9.5 s,8,0.01116,LC_V22_H3p5_T8
23-25 m/s,24,3.25-3.75 m,3.5,7.5-9.5 s,8,0.00979,LC_V24_H3p5_T8
