node,family,D_S1-K,life_years_S1-K,D_S1-Y,life_years_S1-Y,D_S2-K,life_years_S2-K,D_S2-Y,life_years_S2-Y,D_S3-K_5,life_years_S3-K_5,D_S3-K_10,life_years_S3-K_10,D_S3-K_15,life_years_S3-K_15,D_S3-K_20,life_years_S3-K_20,D_S3-K_25,life_years_S3-K_25,D_S3-Y_5,life_years_S3-Y_5,D_S3-Y_10,life_years_S3-Y_10,D_S3-Y_15,life_years_S3-Y_15,D_S3-Y_20,life_years_S3-Y_20,D_S3-Y_25,life_years_S3-Y_25,D_S4-K,life_years_S4-K,D_S4-Y,life_years_S4-Y,D_S5-K_5,life_years_S5-K_5,D_S5-K_10,life_years_S5-K_10,D_S5-K_15,life_years_S5-K_15,D_S5-K_20,life_years_S5-K_20,D_S5-K_25,life_years_S5-K_25,D_S5-Y_5,life_years_S5-Y_5,D_S5-Y_10,life_years_S5-Y_10,D_S5-Y_15,life_years_S5-Y_15,D_S5-Y_20,life_years_S5-Y_20,D_S5-Y_25,life_years_S5-Y_25
3,TY,0.12878198430448717,194.12653202245247,0.12878198430448717,194.12653202245247,0.05974122442562202,418.47150339419414,0.05974122442562202,418.47150339419414,,,,,,,,,,,,,,,,,,,,,0.023025026034681206,1085.7751023753028,0.023025026034681206,1085.7751023753028,,,,,,,,,,,,,,,,,,,,
4,TY,0.9499089645038493,26.31831147425569,0.9499089645038493,26.31831147425569,0.45910357791848144,54.45394286262567,0.45910357791848144,54.45394286262567,,,,,,,,,,,,,,,,,,,,,0.18542121125498368,134.82815601728015,0.18542121125498368,134.82815601728015,,,,,,,,,,,,,,,,,,,,
5,K,0.49681563339902346,50.32047769704732,4.962561479771403,5.037720963640657,0.18435577474664075,135.607360465694,2.604105911039748,9.60022397476844,,,,,,,,,,,,,,,,,,,,,0.061746111639846696,404.8837948828298,1.1627573771524162,21.500616114106972,,,,,,,,,,,,,,,,,,,,
8,TY,0.1283356608573465,194.8016617749695,0.1283356608573465,194.8016617749695,0.05955785306273787,419.75992609513906,0.05955785306273787,419.75992609513906,,,,,,,,,,,,,,,,,,,,,0.022963815861323362,1088.6692416875744,0.022963815861323362,1088.6692416875744,,,,,,,,,,,,,,,,,,,,
9,TY,1.0010419623671678,24.973978054708518,1.0010419623671678,24.973978054708518,0.48373556643357984,51.68112856434481,0.48373556643357984,51.68112856434481,,,,,,,,,,,,,,,,,,,,,0.19531196318163763,128.00035181024893,0.19531196318163763,128.00035181024893,,,,,,,,,,,,,,,,,,,,
10,K,0.3858274452469369,64.79580524397254,4.5767817632887615,5.4623535254684334,0.14005070721470067,178.50677441902863,2.4053590490535193,10.39345872701924,,,,,,,,,,,,,,,,,,,,,0.04581825472177555,545.6340524493727,1.0748187952541262,23.259734673777352,,,,,,,,,,,,,,,,,,,,
13,TY,0.10489936672861565,238.3236503674737,0.10489936672861565,238.3236503674737,0.0486708991268408,513.6539584947408,0.0486708991268408,513.6539584947408,,,,,,,,,,,,,,,,,,,,,0.01876189713317321,1332.4878514442496,0.01876189713317321,1332.4878514442496,,,,,,,,,,,,,,,,,,,,
14,TY,0.7697062608194993,32.479922890821655,0.7697062608194993,32.479922890821655,0.371869719650338,67.22784534193056,0.371869719650338,67.22784534193056,,,,,,,,,,,,,,,,,,,,,0.1501237322160153,166.52929973807954,0.1501237322160153,166.52929973807954,,,,,,,,,,,,,,,,,,,,
15,K,0.41873826124115454,59.703166187630295,4.028029420410974,6.206508788967407,0.15563998117768338,160.62710757757824,2.1106703397888356,11.844578250197591,,,,,,,,,,,,,,,,,,,,,0.05220557912513965,478.87602089565223,0.9392771575181256,26.616212051891154,,,,,,,,,,,,,,,,,,,,
18,TY,0.10506432702704571,237.9494611293183,0.10506432702704571,237.9494611293183,0.04876998828437513,512.610334335665,0.04876998828437513,512.610334335665,,,,,,,,,,,,,,,,,,,,,0.018809017907888234,1329.1496729085125,0.018809017907888234,1329.1496729085125,,,,,,,,,,,,,,,,,,,,
19,TY,0.8201101522693004,30.483709939235972,0.8201101522693004,30.483709939235972,0.39608343923278627,63.11801384179305,0.39608343923278627,63.11801384179305,,,,,,,,,,,,,,,,,,,,,0.15983362884802205,156.41264094536245,0.15983362884802205,156.41264094536245,,,,,,,,,,,,,,,,,,,,
20,K,0.3213211019234792,77.8037914420996,3.672507283328105,6.807338439733321,0.11675205813336618,214.12898752878885,1.9252491826245872,12.985332093957242,,,,,,,,,,,,,,,,,,,,,0.038202392024646106,654.4092836875597,0.8588651036799155,29.108179960839433,,,,,,,,,,,,,,,,,,,,
21,K,0.9956986307437706,25.10799877401198,23.296152315426102,1.07313858793092,0.35036019073303787,71.35513868654421,8.939521787611984,2.796570173881556,,,,,,,,,,,,,,,,,,,,,0.10122684093809606,246.9700700754696,2.70235030050703,9.25120625379669,,,,,,,,,,,,,,,,,,,,
22,K,7.503000861816857,3.332000150396655,38.067621454559095,0.6567260849181824,3.9425925378824678,6.341005254737098,19.991820677988084,1.2505114167778701,1.0208678026173226,4.897793805604304,2.224349687819299,4.495696002638762,3.65309816511279,4.10610372950021,5.362271401669336,3.729762725880263,7.424021488968259,3.367447149385115,5.232642894873961,0.9555400780164333,11.475474540526754,0.8714236578787246,18.985595073370416,0.7900726810000971,28.102432952727717,0.711682153415074,39.279963014445016,0.6364568110923723,1.8347838450773133,13.625583235362834,9.31241476553153,2.6845883296063713,0.5230524278477555,9.559271181617278,1.1234565206244276,8.901101036328408,1.8160442965398942,8.259710420378772,2.6191922731414983,7.635941891357102,3.555848463139985,7.030670811523784,2.674515569087416,1.8694974363922188,5.769956939516819,1.7331151869631471,9.373421054411532,1.6002695187730163,13.594567954786573,1.4711758451255605,18.572716992724594,1.3460604611480989
23,TY,5.366309986933332,4.658694719625519,5.366309986933332,4.658694719625519,1.9155905940336424,13.050805364082374,1.9155905940336424,13.050805364082374,,,,,,,,,,,,,,,,,,,,,0.5034810350278396,49.65430326212316,0.5034810350278396,49.65430326212316,,,,,,,,,,,,,,,,,,,,
25,K,1.0966398174197427,22.796910711141145,24.39404013385326,1.0248404882021085,0.3847156056705559,64.98306705397412,9.329426130954218,2.679693225401313,,,,,,,,,,,,,,,,,,,,,0.11068502101967402,225.86615397178545,2.80542825216252,8.911295443299663,,,,,,,,,,,,,,,,,,,,
26,K,8.03099329038131,3.112939968452271,36.55057825267114,0.6839837068288512,4.210973563010581,5.93686937852124,19.211298947710237,1.301317525069262,1.091398843175757,4.581276616943241,2.3792676229588654,4.202974017510466,3.9096798162212054,3.836631311281608,5.742256013078686,3.4829516403391922,7.955029429587158,3.1426659349640422,5.027063299775041,0.9946164792123758,11.023066947840281,0.907188539026271,18.234347064300913,0.8226233682568708,26.986057629191748,0.7411234451069025,37.71300425707161,0.662901311960906,1.954149767431415,12.793287606026556,8.958068279825001,2.790780246261796,0.5575745006282488,8.967411519655641,1.1981804871423583,8.3459880271042,1.937813140158795,7.740684428825174,2.7963020899050153,7.152303062034102,3.79842675023177,6.581672266939086,2.572140806578071,1.9439060207018404,5.548384945741759,1.8023262801321562,9.012257253270104,1.6643998921088543,13.068894671792648,1.5303513037844858,17.851845916989554,1.400415403328547
27,TY,5.328175735635326,4.69203743277417,5.328175735635326,4.69203743277417,1.9007918047460313,13.152413608675202,1.9007918047460313,13.152413608675202,,,,,,,,,,,,,,,,,,,,,0.5002829276404398,49.97172323651196,0.5002829276404398,49.97172323651196,,,,,,,,,,,,,,,,,,,,
29,K,0.8214236709373474,30.43496417807374,18.85084202910226,1.3262007055920666,0.288399423548893,86.68533276649111,7.1845284319749965,3.4796995010468077,,,,,,,,,,,,,,,,,,,,,0.08311473133914402,300.78903699982135,2.1670064996487537,11.536652060827786,,,,,,,,,,,,,,,,,,,,
30,K,6.767590061471343,3.694077178570232,31.751928420033977,0.787353752795253,3.5471035810259113,7.048003935867408,16.676176557372425,1.4991445979232974,0.9194945720710679,5.437770000901701,2.0047160612313073,4.988237583060988,3.2947785103057505,4.552658077950139,4.844061728944272,4.1287665432700535,6.726019124089863,3.7169088488702293,4.364702759895011,1.1455533801619677,9.57192108236452,1.0447223617863064,15.836083833285912,0.9472038767862201,23.44028387222745,0.8532319876764133,32.76315843427763,0.7630521962694653,1.645374955077436,15.194105102215701,7.768951294014696,3.217937538012413,0.46953135271848073,10.648916139574336,1.009056406218033,9.91024876149415,1.6320753459300739,9.190752153327775,2.3553291489196915,8.491382195636357,3.199742082433886,7.813129732313841,2.2311549729517126,2.240991800486739,4.813377320043677,2.077543341212498,7.819305757999484,1.9183288726949141,11.340398040064775,1.7636065268028072,15.492847041011,1.6136478940134558
31,TY,4.315964505560541,5.792448007343632,4.315964505560541,5.792448007343632,1.5350499380131506,16.286115116461982,1.5350499380131506,16.286115116461982,,,,,,,,,,,,,,,,,,,,,0.4053635853337795,61.67302862050327,0.4053635853337795,61.67302862050327,,,,,,,,,,,,,,,,,,,,
33,K,0.9478921717355212,26.374307907013126,20.09063448451217,1.2443608995660367,0.33110495960740294,75.50475845980364,7.6387742944194015,3.272776369143941,,,,,,,,,,,,,,,,,,,,,0.09482061705538443,263.6557404535511,2.29102381487604,10.912151954803084,,,,,,,,,,,,,,,,,,,,
34,K,7.134172857515292,3.504260479708514,30.986657366917967,0.8067988652009477,3.7330041220189396,6.6970191253041325,16.275717123842455,1.5360306283142056,0.9683907694191956,5.163204935337015,2.1121919383792216,4.734418221325777,3.4727628391033134,4.31932749080933,5.103684573662819,3.9187374751191517,7.076151400615704,3.532993937612008,4.259763740147836,1.1737740177642983,9.341629409664687,1.070477061491454,15.454835525883205,0.9705700183530609,22.875614188785377,0.8742934653009173,31.97340248380621,0.7818998935963078,1.7280940502970235,14.466805204093504,7.583484259291783,3.29663768595133,0.49344345065521084,10.13287336849001,1.0608132086300264,9.426730284509157,1.7164271906546753,8.739083184925972,2.478052960781149,8.070852526773868,3.3679142962600785,7.422991739356731,2.177816672217019,2.2958773636855283,4.698221605012138,2.1284649471050576,7.6321038110206345,1.9653820717611628,11.068701211380482,1.8068967278145194,15.12138590302407,1.6532876126784346
35,TY,4.306701634869895,5.804906427132895,4.306701634869895,5.804906427132895,1.529484878686932,16.34537245079702,1.529484878686932,16.34537245079702,,,,,,,,,,,,,,,,,,,,,0.4027882785131724,62.06734737237996,0.4027882785131724,62.06734737237996,,,,,,,,,,,,,,,,,,,,
37,X,10.448958608172981,2.392582929790292,10.448958608172981,2.392582929790292,0.2074742939286434,120.49685542536777,0.2074742939286434,120.49685542536777,,,,,,,,,,,,,,,,,,,,,0.11053851075963274,226.1655221171089,0.11053851075963274,226.1655221171089,,,,,,,,,,,,,,,,,,,,
38,X,10.836068498683431,2.307109815985149,10.836068498683431,2.307109815985149,0.21541891479506256,116.05294745720725,0.21541891479506256,116.05294745720725,,,,,,,,,,,,,,,,,,,,,0.11476589611890299,217.8347474767138,0.11476589611890299,217.8347474767138,,,,,,,,,,,,,,,,,,,,
39,X,74.16205876368302,0.33709959535592665,74.16205876368302,0.33709959535592665,1.8358131783094451,13.61794342440764,1.8358131783094451,13.61794342440764,,,,,,,,,,,,,,,,,,,,,0.9789057209003794,25.538720906652237,0.9789057209003794,25.538720906652237,,,,,,,,,,,,,,,,,,,,
40,X,62.414745061374546,0.40054637690847966,62.414745061374546,0.40054637690847966,1.51634688655979,16.486992667435562,1.51634688655979,16.486992667435562,,,,,,,,,,,,,,,,,,,,,0.8080636714443516,30.938156092717822,0.8080636714443516,30.938156092717822,,,,,,,,,,,,,,,,,,,,
41,X,10.043736873789253,2.489113396154525,10.043736873789253,2.489113396154525,1.240892433465205,20.146790588598595,1.240892433465205,20.146790588598595,,,,,,,,,,,,,,,,,,,,,0.11383044589470862,219.62489739453898,0.11383044589470862,219.62489739453898,,,,,,,,,,,,,,,,,,,,
42,X,10.465864404653006,2.3887181252687815,10.465864404653006,2.3887181252687815,1.299637655909145,19.23613084487889,1.299637655909145,19.23613084487889,,,,,,,,,,,,,,,,,,,,,0.11869461916364367,210.62454369167844,0.11869461916364367,210.62454369167844,,,,,,,,,,,,,,,,,,,,
43,X,62.0954371895602,0.40260607109797636,62.0954371895602,0.40260607109797636,8.859598899752024,2.8217981742604326,8.859598899752024,2.8217981742604326,,,,,,,,,,,,,,,,,,,,,0.8218344119200667,30.419753222053632,0.8218344119200667,30.419753222053632,,,,,,,,,,,,,,,,,,,,
44,X,52.61482762227097,0.4751512288413907,52.61482762227097,0.4751512288413907,7.466442105538171,3.3483149867935706,7.466442105538171,3.3483149867935706,,,,,,,,,,,,,,,,,,,,,0.6915774808414857,36.14923951771959,0.6915774808414857,36.14923951771959,,,,,,,,,,,,,,,,,,,,
45,X,18.318723381036644,1.3647239209845674,18.318723381036644,1.3647239209845674,4.924290077745388,5.0768739463550006,4.924290077745388,5.0768739463550006,1.17918949137227,4.240200609472274,2.599172801458,3.8473779020735073,4.319592091045601,3.4725501121030846,6.417637289343396,3.116411710149211,8.994085604655353,2.7796044088194978,1.17918949137227,4.240200609472274,2.599172801458,3.8473779020735073,4.319592091045601,3.4725501121030846,6.417637289343396,3.116411710149211,8.994085604655353,2.7796044088194978,1.160429734849012,21.543743019695068,1.160429734849012,21.543743019695068,0.26686108989058965,18.73633957670618,0.5747690904697054,17.398291184774617,0.9313289536649352,16.10601704260615,1.3458073151587127,14.860968412585406,1.8295488294844429,13.664571066433284,0.26686108989058965,18.73633957670618,0.5747690904697054,17.398291184774617,0.9313289536649352,16.10601704260615,1.3458073151587127,14.860968412585406,1.8295488294844429,13.664571066433284
46,X,18.83109108036074,1.3275916883049288,18.83109108036074,1.3275916883049288,5.061936246176092,4.93882158608489,5.061936246176092,4.93882158608489,1.2121510107081188,4.124898594176877,2.6718270206774344,3.742757267820627,4.440337512309895,3.378121586121703,6.597030285286966,3.0316671494755787,9.245499823779335,2.7040182225411162,1.2121510107081188,4.124898594176877,2.6718270206774344,3.742757267820627,4.440337512309895,3.378121586121703,6.597030285286966,3.0316671494755787,9.245499823779335,2.7040182225411162,1.1927743349664408,20.959538839090953,1.1927743349664408,20.959538839090953,0.2743006312145699,18.228175333977934,0.5907949443331337,16.926346604552634,0.9573010066964798,15.66905277971349,1.3833416176904096,14.457744742322918,1.8805817141720735,13.293758953200422,0.2743006312145699,18.228175333977934,0.5907949443331337,16.926346604552634,0.9573010066964798,15.66905277971349,1.3833416176904096,14.457744742322918,1.8805817141720735,13.293758953200422
47,X,62.72645669967543,0.3985559095055557,62.72645669967543,0.3985559095055557,16.825249034125637,1.4858621081503167,16.825249034125637,1.4858621081503167,4.0289574178603145,1.2410158463911947,8.880543606813951,1.1260571923015052,14.758501818812109,1.0163633263154166,21.926517701062114,0.9121375438030092,30.728849427941768,0.8135677210636946,4.0289574178603145,1.2410158463911947,8.880543606813951,1.1260571923015052,14.758501818812109,1.0163633263154166,21.926517701062114,0.9121375438030092,30.728849427941768,0.8135677210636946,3.9517488119955524,6.326313029844504,3.9517488119955524,6.326313029844504,0.9087974228314164,5.501776165278045,1.957403642025385,5.108808313880879,3.171715130922303,4.729302406057554,4.5832791808113775,4.363687921026753,6.23072329401098,4.012375260514328,0.9087974228314164,5.501776165278045,1.957403642025385,5.108808313880879,3.171715130922303,4.729302406057554,4.5832791808113775,4.363687921026753,6.23072329401098,4.012375260514328
48,X,54.87796517653845,0.4555562495726072,54.87796517653845,0.4555562495726072,14.724735643425303,1.6978233501368614,14.724735643425303,1.6978233501368614,3.5259813911450064,1.418044920077224,7.771907050428325,1.2866854859579002,12.916089796911043,1.1613421891497948,19.189303395237605,1.0422473181055438,26.892837904930484,0.9296155388426501,3.5259813911450064,1.418044920077224,7.771907050428325,1.2866854859579002,12.916089796911043,1.1613421891497948,19.189303395237605,1.0422473181055438,26.892837904930484,0.9296155388426501,3.459964159485201,7.22550837165888,3.459964159485201,7.22550837165888,0.79570320877292,6.283749952084099,1.713820506296708,5.834916762437626,2.7770267682981835,5.401460357255503,4.0129447629162325,4.983871242091524,5.455396744916703,4.5826181245744975,0.79570320877292,6.283749952084099,1.713820506296708,5.834916762437626,2.7770267682981835,5.401460357255503,4.0129447629162325,4.983871242091524,5.455396744916703,4.5826181245744975
49,X,6.142832100902333,4.069784032731043,6.142832100902333,4.069784032731043,0.24122515343931983,103.63761673920439,0.24122515343931983,103.63761673920439,,,,,,,,,,,,,,,,,,,,,0.13210890738330938,189.23780761779653,0.13210890738330938,189.23780761779653,,,,,,,,,,,,,,,,,,,,
50,X,6.429768443963127,3.888164903274605,6.429768443963127,3.888164903274605,0.254479877532387,98.23959458962847,0.254479877532387,98.23959458962847,,,,,,,,,,,,,,,,,,,,,0.13939545075279988,179.34588155487458,0.13939545075279988,179.34588155487458,,,,,,,,,,,,,,,,,,,,
51,X,15.699065116829484,1.5924515131286296,15.699065116829484,1.5924515131286296,0.543084252058391,46.03337310048178,0.543084252058391,46.03337310048178,,,,,,,,,,,,,,,,,,,,,0.29430958334126417,84.94456658929609,0.29430958334126417,84.94456658929609,,,,,,,,,,,,,,,,,,,,
52,X,13.262451777813379,1.8850209915049227,13.262451777813379,1.8850209915049227,0.4634761495845674,53.94020819066638,0.4634761495845674,53.94020819066638,,,,,,,,,,,,,,,,,,,,,0.25196617554497314,99.2196668696818,0.25196617554497314,99.2196668696818,,,,,,,,,,,,,,,,,,,,
