member_id,max_tensile_N,max_compressive_N,mean_tensile_unweighted_N,mean_compressive_unweighted_N,mean_tensile_weighted_N,mean_compressive_weighted_N
1,0.0,-10033729.816292856,0.0,-5699428.383220473,0.0,-5792650.655440825
2,0.0,-10029749.708516035,0.0,-5687207.311981767,0.0,-5780495.501098615
3,0.0,-10045092.469351308,0.0,-5702944.833963227,0.0,-5796325.913461061
4,0.0,-9410984.800525991,0.0,-5532136.820891424,0.0,-5621044.302801343
5,2914070.356701891,-5809073.372982865,466527.854379127,-1827375.6402957125,268335.4430192245,-1683736.5186483653
6,2943774.7346738726,-5802382.596226112,474339.3914253333,-1817969.409088476,273418.0151982145,-1671726.900130838
7,2928480.1734610894,-5812459.295639026,470527.752336518,-1826693.6113015148,270662.0375170873,-1681855.029359768
8,2445125.686353024,-5334754.422699637,465137.4390137802,-1845506.9174128915,266785.7970517892,-1723145.446343324
9,2424288.437662157,-5981811.290734885,376556.0637117688,-2018262.1314968285,200375.38917460613,-1894647.2148063204
10,2452383.4779763,-5977644.98599321,383293.7311063757,-2006345.564223303,203920.5845207441,-1881153.748617455
11,2437670.195092248,-5986198.36093115,380081.86942547513,-2016945.7604054103,202330.66398429815,-1892548.9710615785
12,2048536.0980482812,-5402641.087577079,375888.4914619181,-2054042.1135405183,205388.72933198535,-1946150.2892340955
13,0.0,-10563729.234328805,0.0,-6011767.990043221,0.0,-6076626.135353411
14,0.0,-10561315.211493898,0.0,-5999503.018056728,0.0,-6064416.409423959
15,0.0,-10575725.877320409,0.0,-6015803.578276156,0.0,-6080771.199999232
16,0.0,-9850108.572151965,0.0,-5845714.9817718845,0.0,-5906909.937688191
17,0.0,-8774153.36031693,0.0,-5294624.605311226,0.0,-5383836.107502167
18,0.0,-8132980.182529347,0.0,-5048755.3319204245,0.0,-5135995.652135908
19,0.0,-7035297.708470829,0.0,-4328483.851671128,0.0,-4408677.06724771
20,0.0,-7394624.586169468,0.0,-4541249.238736456,0.0,-4625761.690254443
21,2228674.678793159,-4582099.214084083,427889.0767632933,-1694816.5595827932,225239.592583741,-1562655.7753847789
22,2070507.7493527045,-4167892.492023353,380147.9488921137,-1617816.1893145912,199746.8572055425,-1492947.3728333192
23,2076762.7348040896,-3556827.012225724,392891.957251225,-1322308.625317543,207024.361073826,-1181726.460945285
24,2082555.618900512,-3750272.478585212,360413.0731366557,-1399965.1645849044,182601.2798721724,-1263369.7776361294
25,1722618.8195562563,-4512289.844260109,306323.01359017217,-1914473.6709435144,175567.52110168402,-1804776.9622751328
26,1334164.1582234062,-4139436.5494909766,246687.1864173711,-1858982.8908352444,140415.0942934719,-1759726.5859580094
27,1273301.574358496,-3525469.1034109904,227194.74161404063,-1536987.7228322087,135605.45384742235,-1434583.313977233
28,1237796.6740620425,-3718743.582214875,191645.68219613723,-1648260.6318990823,114236.40486657646,-1549639.9198199047
29,0.0,-9280983.19400246,0.0,-5638304.160374445,0.0,-5698479.63192789
30,0.0,-8868633.286015613,0.0,-5419853.035427886,0.0,-5477237.899140362
31,0.0,-7832940.113870508,0.0,-4700016.565969729,0.0,-4751466.443057371
32,0.0,-8241563.839995035,0.0,-4949893.240736668,0.0,-5003417.145954413
33,24727.699168576448,-110731.00579435668,4386.5837965344745,-42952.960834998965,308.5994810900687,-42422.29537841855
34,30910.9219020368,-250148.6730605196,4281.592536904058,-94345.4532476507,998.5397521136936,-97103.9056981101
35,37685.32031044983,-100277.2986508544,5471.61662989952,-31638.08145277509,971.7264480800286,-32055.235801533152
36,212413.1756805138,-69860.7419457021,65009.85291356216,-11997.137382640389,60814.78404041588,-4168.284332754345
37,118074.82701579784,-890310.6258195762,64746.72838487631,-455870.32987221057,7479.194727705088,-460300.282073375
38,99470.9572797071,-833576.1775012477,41443.78699119184,-411474.95966842846,5045.614085160859,-415603.30805211904
39,109975.0690069606,-979724.0869550678,65907.25451086904,-448375.1510583638,5885.126659111111,-450328.13628598215
40,86075.37242881786,-919419.29477517,43192.85846211399,-402248.6106428815,4297.543869640259,-404060.4642244248
41,291323.5718416961,-806203.8177967863,76175.59620875669,-300333.75256545766,39342.13710186367,-295858.4031859754
42,259246.09312333656,-759629.5071194132,49384.5612534589,-266572.2731357533,24475.719330452343,-262206.6129933962
43,306674.91656118626,-720836.5642672915,80421.01199952276,-282653.8161518867,40895.67858331589,-280999.52763594413
44,276809.0005306351,-673659.0398843561,53819.45247744164,-247285.3818611361,26060.544110612256,-245856.7694279992
45,318265.0018819459,-1253188.3329809338,65201.724544140176,-421574.9304433892,15406.416280170484,-422351.5666172161
46,343244.04238329385,-1185077.0808678088,65601.47382971854,-375379.3357588439,22040.429293872665,-375602.7777017175
47,634685.628459917,-952525.991483142,71460.16639286168,-303725.5130792919,34445.23614872839,-302930.6048566955
48,633835.5493318336,-906830.1505056848,71847.25148877822,-279800.9080851637,34977.481312144526,-279134.1705517361
49,291397.94851304684,-1093653.3189768223,59100.77408554678,-427768.5417064246,12535.397867480257,-430258.1296441457
50,319885.8275395228,-1026261.744482191,61332.15222534463,-380680.9363110422,18507.64146358188,-382686.6205366774
51,359398.35601489496,-1023614.2567969556,64037.401268159854,-318494.83785383875,30819.21839519093,-314699.9926928916
52,367721.5189197709,-974108.8203002828,63535.88662212932,-293299.42033512786,30851.87885692537,-289836.14952683134
53,287764.3538161302,-604812.1540169425,54453.71925445877,-206376.9194326042,22542.11903071874,-207434.32558114344
54,326422.2537742879,-531306.086105558,54157.57910105053,-151578.54526760115,27754.99832420655,-151945.70574439244
55,233686.86338390896,-642578.3057428489,50044.55596118201,-198929.26355335728,23300.65725444323,-197546.52909794747
56,272290.31687378447,-569772.9216812877,49544.27890671772,-141569.02404123568,28934.998825744056,-139905.74000787042
57,235179.72221775644,-665111.3895505694,50188.823501949584,-206512.3352501873,22434.162651227656,-204635.422213884
58,276820.31364874484,-589607.4898649518,48322.55336750974,-147862.52415253938,27666.052287410548,-145477.84027405284
59,310387.4064671335,-611028.6330647952,56409.94809431122,-189518.7638897393,28474.936081202257,-190211.83940597187
60,355963.92200562195,-530016.8889321397,56446.9079031281,-130862.9347612166,31031.340211826155,-130476.25625574484
61,374674.6056342881,-1044651.8129472716,63064.353927511314,-261247.80165478936,27768.76478981005,-261049.6243748834
62,420069.0077157945,-946008.6350890888,62585.90889199948,-196409.86746465415,37005.42066520702,-195108.3398359238
63,665576.891717511,-742730.4080428996,80438.39421578492,-150294.20724567602,51171.92894682876,-146037.4456530747
64,665481.8128367219,-683039.0730734065,79917.50884933569,-120506.58443499837,52888.362433083086,-117459.39713183769
65,409294.4483709368,-841434.5813380391,63639.08985378342,-258177.7778610636,25972.40629609429,-260490.3782293499
66,448023.3948832648,-755294.0238344851,64311.25037505303,-193850.72964749628,35223.267116520576,-194729.48523831528
67,496302.94573292334,-770687.3712277648,72543.48357308625,-153497.03398159932,49029.283832473215,-147706.84422353454
68,498573.50009142334,-710407.4379894622,71451.01626102354,-123562.10045003584,50258.90529059203,-118889.97010894243
69,395649.20552641206,-421275.7964564801,56222.81966976718,-78231.06839022975,41955.66074354337,-78647.50156894157
70,432137.5777028486,-346470.2279271852,48905.42471462363,-46811.83206978023,48002.20556705995,-41504.29031946086
71,340397.70952066977,-477338.57606856746,54020.30579403036,-73878.41615608617,43603.56901860991,-72586.90649572173
72,384184.91674942337,-410996.0722985171,53904.50840445195,-46002.0037613911,54210.79838505999,-38266.26778322095
73,341544.8315324601,-489274.8889180399,50627.17663604481,-78126.28259557922,40986.85364190641,-76492.69762144699
74,369574.0908814176,-432220.935678549,42782.93850660879,-53999.55252258505,44194.652138012425,-44638.383744797626
75,429845.87926275656,-401184.18556106417,60746.32035032751,-67754.67550278515,45954.94448393312,-68254.78606349434
76,468352.66001367406,-335974.9213043111,54541.93682294207,-41695.58123682257,52287.21775630474,-37865.54238348962
77,423698.2820712399,-687522.1686329895,56228.009175156,-125617.45997135637,40045.60234663292,-125187.2014450878
78,461935.2933137942,-584930.9320612606,44761.6786094063,-80040.34086714637,45334.36295993646,-72731.21355048625
79,621565.1496312558,-481892.45590228745,92315.86381803712,-51723.95773607346,80496.07352850807,-52755.36997031723
80,609077.0584327896,-427938.8273032537,91319.1096219013,-50397.79155403427,90529.66527735944,-39254.53711540782
81,426591.4148123262,-607001.3582574694,61201.93982174626,-120465.36261051214,40023.29034995178,-122028.69949590064
82,478585.44762520376,-519016.3727081228,49195.89626918749,-73605.85037388632,45763.216932822856,-69262.16585080962
83,538240.960968043,-496323.9767624197,88014.5840708156,-54463.29090110926,78994.55673731756,-52358.9815767328
84,561697.1637879513,-443803.72951099055,88839.64503161084,-53605.22048869368,89834.43038296753,-38333.39264121211
85,154470.458999147,-690124.5631922554,32769.112560266,-308110.69929451816,2691.457997951584,-314031.7590970994
86,147774.76581323543,-697651.3613301464,32643.092616565245,-305252.52230945363,2606.074885409818,-311387.4314210863
87,105381.87537378902,-730666.4559188596,30605.26582247155,-301436.53273826913,3061.866016479838,-304509.6903337368
88,111883.7195319577,-718765.0700868808,32136.59897022428,-294648.7943779841,3254.006313009833,-298288.9938248361
89,326331.7821248183,-541182.2591895009,48059.65917938011,-117603.84118448044,30195.8241046376,-107030.3585883879
90,342484.5731408411,-516303.9041270516,54933.78996392626,-104898.24161431952,36315.57574206409,-91721.21033087886
91,350187.1550321434,-449151.2425509128,54034.413457999246,-108961.6207371783,34901.2994610277,-97613.56986148989
92,369495.5713220631,-424063.3384206477,63245.170684886114,-97782.50841428626,41783.39293007123,-82039.49094006995
93,249446.29943594133,-733824.4941967223,46205.79803871307,-256047.47925814983,15652.42582764042,-257340.6464737444
94,277900.5055682191,-689846.3746447563,45299.20536823618,-221932.08857500527,17163.830696587545,-222424.04822459965
95,430311.8248773477,-594793.7123759077,59672.16494307338,-131619.9939233206,35994.763371031724,-127785.27433052078
96,420403.5291057402,-578232.8837726356,57100.71025755791,-130517.30860366757,33200.59077819409,-128164.91161861576
97,200518.98247007557,-788891.448608263,39603.37443363729,-276625.9883241501,9821.064331683228,-279084.84261118725
98,217415.33024915744,-745302.2162893477,39867.12072559928,-244483.4536176163,10405.195937392013,-246008.66377372624
99,333092.33250388457,-642135.8875643364,46673.60180305625,-151745.8060949381,30044.76646457452,-146423.18295003928
100,312366.6308828306,-640917.0999470674,43836.41538733364,-153692.13819475367,27201.887186395143,-149353.562576126
101,0.0,-11221.687892988324,0.0,-11221.687892966109,0.0,-11226.84986939682
102,0.0,-11221.687892973425,0.0,-11221.687892968475,0.0,-11226.849869399191
103,0.0,-11221.687892973425,0.0,-11221.68789296797,0.0,-11226.8498693988
104,0.0,-11221.687892973425,0.0,-11221.687892966112,0.0,-11226.849869396829
105,0.0,-11315321.187048685,0.0,-6982058.461122871,0.0,-7075866.065571603
106,0.0,-11847452.84032857,0.0,-7294374.103605701,0.0,-7359834.714253264
107,1787347.891402088,-7093927.083914533,348902.65525037044,-2896183.695104147,189999.84307070108,-2831683.748172632
108,1299774.2639547382,-7261746.938649185,306048.2529262377,-3196605.7159057367,134930.48388901993,-3107804.790078338
109,0.0,-10382838.617046246,0.0,-6049566.265954398,0.0,-6142943.691434923
110,0.0,-10914950.390139936,0.0,-6361875.60442307,0.0,-6426911.37264144
111,2566451.899798611,-6162110.782421825,387669.3191595915,-2078758.505608092,210068.43981678667,-1972212.036943028
112,2078908.6055135576,-6328911.403098828,315861.0726905954,-2311697.289118617,169621.03272217006,-2207451.5111135896
