member_id,zone,member_class,l0_loss_mm,l0_allowance_mm,l0_pass,l2_section_loss_frac,l2_section_ok,l2_D25,l2_fatigue_ok,l2_pass,l2_capacity_N_b_Rd_N,l2_capacity_N_c_Rd_N,l3_D25,l3_fatigue_ok,l3_loss_mm,l3_corrosion_limit_mm,l3_corrosion_ok,l3_pass,l3_note,in_structural_reuse_bay_A,reuse_level_A,reuse_category_A,in_structural_reuse_bay_B,reuse_level_B,reuse_category_B
1,submerged,leg,0.0,33.75999999999968,True,0.0,True,0.009465,True,True,41253638.38594691,35485717.018957436,,,,,,,,False,L2,L2 - Component reuse,False,L2,L2 - Component reuse
2,submerged,leg,0.0,33.619999999999656,True,0.0,True,0.004937,True,True,40680511.63596647,35485717.018957436,,,,,,,,False,L2,L2 - Component reuse,False,L2,L2 - Component reuse
3,submerged,leg,0.0,33.63999999999966,True,0.0,True,0.002313,True,True,40822254.77374295,35485717.018957436,,,,,,,,False,L2,L2 - Component reuse,False,L2,L2 - Component reuse
4,submerged,leg,0.0,27.359999999999506,True,0.0,True,0.000488,True,True,25286370.939080823,35485717.018957436,,,,,,,,False,L2,L2 - Component reuse,False,L2,L2 - Component reuse
5,submerged,leg,0.0,38.74000000000046,True,0.0,True,0.011407,True,True,41253638.38594691,35485717.018957436,,,,,,,,False,L2,L2 - Component reuse,False,L2,L2 - Component reuse
6,submerged,leg,0.0,38.64000000000044,True,0.0,True,0.006093,True,True,40680511.63596647,35485717.018957436,,,,,,,,False,L2,L2 - Component reuse,False,L2,L2 - Component reuse
7,submerged,leg,0.0,38.660000000000444,True,0.0,True,0.003085,True,True,40822254.77374295,35485717.018957436,,,,,,,,False,L2,L2 - Component reuse,False,L2,L2 - Component reuse
8,submerged,leg,0.0,35.23999999999991,True,0.0,True,0.00064,True,True,25286370.939080823,35485717.018957436,,,,,,,,False,L2,L2 - Component reuse,False,L2,L2 - Component reuse
9,submerged,leg,0.0,38.52000000000042,True,0.0,True,0.00871,True,True,41253638.38594691,35485717.018957436,,,,,,,,False,L2,L2 - Component reuse,False,L2,L2 - Component reuse
10,submerged,leg,0.0,38.42000000000041,True,0.0,True,0.004613,True,True,40680511.63596647,35485717.018957436,,,,,,,,False,L2,L2 - Component reuse,False,L2,L2 - Component reuse
11,submerged,leg,0.0,38.42000000000041,True,0.0,True,0.002257,True,True,40822254.77374295,35485717.018957436,,,,,,,,False,L2,L2 - Component reuse,False,L2,L2 - Component reuse
12,submerged,leg,0.0,35.09999999999989,True,0.0,True,0.000481,True,True,25286370.939080823,35485717.018957436,,,,,,,,False,L2,L2 - Component reuse,False,L2,L2 - Component reuse
13,submerged,leg,0.0,33.19999999999959,True,0.0,True,0.010671,True,True,41253638.38594691,35485717.018957436,,,,,,,,False,L2,L2 - Component reuse,False,L2,L2 - Component reuse
14,submerged,leg,0.0,33.039999999999566,True,0.0,True,0.005783,True,True,40680511.63596647,35485717.018957436,,,,,,,,False,L2,L2 - Component reuse,False,L2,L2 - Component reuse
15,submerged,leg,0.0,33.05999999999957,True,0.0,True,0.003052,True,True,40822254.77374295,35485717.018957436,,,,,,,,False,L2,L2 - Component reuse,False,L2,L2 - Component reuse
16,submerged,leg,0.0,26.299999999999528,True,0.0,True,0.000643,True,True,25286370.939080823,35485717.018957436,,,,,,,,False,L2,L2 - Component reuse,False,L2,L2 - Component reuse
17,submerged,leg,0.0,15.679999999999753,True,0.0,True,0.00111,True,True,16066618.135023829,20598730.38760847,,,,,,,,False,L2,L2 - Component reuse,False,L2,L2 - Component reuse
18,splash,leg,15.0,17.459999999999717,True,0.42857142857142855,False,0.092133,False,False,17177240.737587493,20598730.38760847,0.092133,True,15.0,17.459999999999717,True,True,,False,L3,L3 - Downgraded reuse,False,L3,L3 - Downgraded reuse
19,splash,leg,15.0,19.63999999999967,True,0.42857142857142855,False,0.062414,False,False,18135098.964425992,20598730.38760847,0.062414,True,15.0,19.63999999999967,True,True,,False,L3,L3 - Downgraded reuse,False,L3,L3 - Downgraded reuse
20,atmospheric,leg,0.0,21.819999999999624,True,0.0,True,0.000545,True,True,23951465.13591163,20598730.38760847,,,,,,,,False,L2,L2 - Component reuse,False,L2,L2 - Component reuse
21,submerged,leg,0.0,22.49999999999961,True,0.0,True,0.001496,True,True,16066618.135023829,20598730.38760847,,,,,,,,False,L2,L2 - Component reuse,False,L2,L2 - Component reuse
22,splash,leg,15.0,23.779999999999582,True,0.42857142857142855,False,0.114392,False,False,17177240.737587493,20598730.38760847,0.114392,True,15.0,23.779999999999582,True,True,,False,L3,L3 - Downgraded reuse,False,L3,L3 - Downgraded reuse
23,splash,leg,15.0,25.27999999999955,True,0.42857142857142855,False,0.07554,False,False,18135098.964425992,20598730.38760847,0.07554,True,15.0,25.27999999999955,True,True,,False,L3,L3 - Downgraded reuse,False,L3,L3 - Downgraded reuse
24,atmospheric,leg,0.0,26.63999999999952,True,0.0,True,0.000653,True,True,23951465.13591163,20598730.38760847,,,,,,,,False,L2,L2 - Component reuse,False,L2,L2 - Component reuse
25,submerged,leg,0.0,22.639999999999606,True,0.0,True,0.001091,True,True,16066618.135023829,20598730.38760847,,,,,,,,False,L2,L2 - Component reuse,False,L2,L2 - Component reuse
26,splash,leg,15.0,23.83999999999958,True,0.42857142857142855,False,0.091401,False,False,17177240.737587493,20598730.38760847,0.091401,True,15.0,23.83999999999958,True,True,,False,L3,L3 - Downgraded reuse,False,L3,L3 - Downgraded reuse
27,splash,leg,15.0,25.33999999999955,True,0.42857142857142855,False,0.061293,False,False,18135098.964425992,20598730.38760847,0.061293,True,15.0,25.33999999999955,True,True,,False,L3,L3 - Downgraded reuse,False,L3,L3 - Downgraded reuse
28,atmospheric,leg,0.0,26.67999999999952,True,0.0,True,0.000501,True,True,23951465.13591163,20598730.38760847,,,,,,,,False,L2,L2 - Component reuse,False,L2,L2 - Component reuse
29,submerged,leg,0.0,14.859999999999772,True,0.0,True,0.00151,True,True,16066618.135023829,20598730.38760847,,,,,,,,False,L2,L2 - Component reuse,False,L2,L2 - Component reuse
30,splash,leg,15.0,16.39999999999974,True,0.42857142857142855,False,0.11501,False,False,17177240.737587493,20598730.38760847,0.11501,True,15.0,16.39999999999974,True,True,,False,L3,L3 - Downgraded reuse,False,L3,L3 - Downgraded reuse
31,splash,leg,15.0,18.499999999999694,True,0.42857142857142855,False,0.076597,False,False,18135098.964425992,20598730.38760847,0.076597,True,15.0,18.499999999999694,True,True,,False,L3,L3 - Downgraded reuse,False,L3,L3 - Downgraded reuse
32,atmospheric,leg,0.0,20.839999999999645,True,0.0,True,0.000649,True,True,23951465.13591163,20598730.38760847,,,,,,,,False,L2,L2 - Component reuse,False,L2,L2 - Component reuse
33,submerged,brace,0.0,18.74000000000013,True,0.0,True,6e-06,True,True,6047983.135896898,8291963.635100042,,,,,,,,False,L2,L2 - Component reuse,False,L2,L2 - Component reuse
34,submerged,brace,0.0,17.829999999999988,True,0.0,True,1e-06,True,True,6047983.135896898,8291963.635100042,,,,,,,,False,L2,L2 - Component reuse,False,L2,L2 - Component reuse
35,submerged,brace,0.0,18.820000000000142,True,0.0,True,5e-06,True,True,6047983.135896898,8291963.635100042,,,,,,,,False,L2,L2 - Component reuse,False,L2,L2 - Component reuse
36,submerged,brace,0.0,18.43000000000008,True,0.0,True,1e-06,True,True,6047983.135896898,8291963.635100042,,,,,,,,False,L2,L2 - Component reuse,False,L2,L2 - Component reuse
37,submerged,brace,0.0,15.019999999999724,True,0.0,True,6e-05,True,True,6187966.015888989,8291963.635100042,,,,,,,,False,L2,L2 - Component reuse,False,L2,L2 - Component reuse
38,submerged,brace,0.0,15.399999999999716,True,0.0,True,0.000125,True,True,6511518.2934495965,8291963.635100042,,,,,,,,False,L2,L2 - Component reuse,False,L2,L2 - Component reuse
39,submerged,brace,0.0,14.699999999999731,True,0.0,True,8e-05,True,True,6187966.015888989,8291963.635100042,,,,,,,,False,L2,L2 - Component reuse,False,L2,L2 - Component reuse
40,submerged,brace,0.0,15.089999999999723,True,0.0,True,0.000164,True,True,6511518.2934495965,8291963.635100042,,,,,,,,False,L2,L2 - Component reuse,False,L2,L2 - Component reuse
41,submerged,brace,0.0,15.339999999999717,True,0.0,True,7.7e-05,True,True,6187966.015888989,8291963.635100042,,,,,,,,False,L2,L2 - Component reuse,False,L2,L2 - Component reuse
42,submerged,brace,0.0,15.669999999999712,True,0.0,True,0.000154,True,True,6511518.2934495965,8291963.635100042,,,,,,,,False,L2,L2 - Component reuse,False,L2,L2 - Component reuse
43,submerged,brace,0.0,15.679999999999712,True,0.0,True,7.2e-05,True,True,6187966.015888989,8291963.635100042,,,,,,,,False,L2,L2 - Component reuse,False,L2,L2 - Component reuse
44,submerged,brace,0.0,16.009999999999703,True,0.0,True,0.000145,True,True,6511518.2934495965,8291963.635100042,,,,,,,,False,L2,L2 - Component reuse,False,L2,L2 - Component reuse
45,submerged,brace,0.0,13.749999999999751,True,0.0,True,0.000404,True,True,6187966.015888989,8291963.635100042,,,,,,,,False,L2,L2 - Component reuse,False,L2,L2 - Component reuse
46,submerged,brace,0.0,14.179999999999742,True,0.0,True,0.000413,True,True,6511518.2934495965,8291963.635100042,,,,,,,,False,L2,L2 - Component reuse,False,L2,L2 - Component reuse
47,submerged,brace,0.0,14.799999999999729,True,0.0,True,0.000431,True,True,6187966.015888989,8291963.635100042,,,,,,,,False,L2,L2 - Component reuse,False,L2,L2 - Component reuse
48,submerged,brace,0.0,15.129999999999722,True,0.0,True,0.000385,True,True,6511518.2934495965,8291963.635100042,,,,,,,,False,L2,L2 - Component reuse,False,L2,L2 - Component reuse
49,submerged,brace,0.0,14.28999999999974,True,0.0,True,0.000363,True,True,6187966.015888989,8291963.635100042,,,,,,,,False,L2,L2 - Component reuse,False,L2,L2 - Component reuse
50,submerged,brace,0.0,14.71999999999973,True,0.0,True,0.000323,True,True,6511518.2934495965,8291963.635100042,,,,,,,,False,L2,L2 - Component reuse,False,L2,L2 - Component reuse
51,submerged,brace,0.0,14.539999999999734,True,0.0,True,0.000337,True,True,6187966.015888989,8291963.635100042,,,,,,,,False,L2,L2 - Component reuse,False,L2,L2 - Component reuse
52,submerged,brace,0.0,14.899999999999727,True,0.0,True,0.000353,True,True,6511518.2934495965,8291963.635100042,,,,,,,,False,L2,L2 - Component reuse,False,L2,L2 - Component reuse
53,submerged,brace,0.0,16.329999999999753,True,0.0,True,9.7e-05,True,True,6634098.68738362,8291963.635100042,,,,,,,,False,L2,L2 - Component reuse,False,L2,L2 - Component reuse
54,submerged,brace,0.0,16.719999999999814,True,0.0,True,4e-05,True,True,6901187.687070879,8291963.635100042,,,,,,,,False,L2,L2 - Component reuse,False,L2,L2 - Component reuse
55,submerged,brace,0.0,16.17999999999973,True,0.0,True,9.1e-05,True,True,6634098.68738362,8291963.635100042,,,,,,,,False,L2,L2 - Component reuse,False,L2,L2 - Component reuse
56,submerged,brace,0.0,16.56999999999979,True,0.0,True,4e-05,True,True,6901187.687070879,8291963.635100042,,,,,,,,False,L2,L2 - Component reuse,False,L2,L2 - Component reuse
57,submerged,brace,0.0,16.089999999999716,True,0.0,True,9.5e-05,True,True,6634098.68738362,8291963.635100042,,,,,,,,False,L2,L2 - Component reuse,False,L2,L2 - Component reuse
58,submerged,brace,0.0,16.489999999999778,True,0.0,True,3.8e-05,True,True,6901187.687070879,8291963.635100042,,,,,,,,False,L2,L2 - Component reuse,False,L2,L2 - Component reuse
59,submerged,brace,0.0,16.30999999999975,True,0.0,True,9.1e-05,True,True,6634098.68738362,8291963.635100042,,,,,,,,False,L2,L2 - Component reuse,False,L2,L2 - Component reuse
60,submerged,brace,0.0,16.729999999999816,True,0.0,True,4.2e-05,True,True,6901187.687070879,8291963.635100042,,,,,,,,False,L2,L2 - Component reuse,False,L2,L2 - Component reuse
61,submerged,brace,0.0,14.71999999999973,True,0.0,True,0.000342,True,True,6634098.68738362,8291963.635100042,,,,,,,,False,L2,L2 - Component reuse,False,L2,L2 - Component reuse
62,submerged,brace,0.0,15.18999999999972,True,0.0,True,0.000282,True,True,6901187.687070879,8291963.635100042,,,,,,,,False,L2,L2 - Component reuse,False,L2,L2 - Component reuse
63,submerged,brace,0.0,15.789999999999708,True,0.0,True,0.000382,True,True,6634098.68738362,8291963.635100042,,,,,,,,False,L2,L2 - Component reuse,False,L2,L2 - Component reuse
64,submerged,brace,0.0,16.129999999999722,True,0.0,True,0.000261,True,True,6901187.687070879,8291963.635100042,,,,,,,,False,L2,L2 - Component reuse,False,L2,L2 - Component reuse
65,submerged,brace,0.0,15.429999999999715,True,0.0,True,0.000331,True,True,6634098.68738362,8291963.635100042,,,,,,,,False,L2,L2 - Component reuse,False,L2,L2 - Component reuse
66,submerged,brace,0.0,15.859999999999708,True,0.0,True,0.000219,True,True,6901187.687070879,8291963.635100042,,,,,,,,False,L2,L2 - Component reuse,False,L2,L2 - Component reuse
67,submerged,brace,0.0,15.689999999999712,True,0.0,True,0.000294,True,True,6634098.68738362,8291963.635100042,,,,,,,,False,L2,L2 - Component reuse,False,L2,L2 - Component reuse
68,submerged,brace,0.0,16.019999999999705,True,0.0,True,0.000242,True,True,6901187.687070879,8291963.635100042,,,,,,,,False,L2,L2 - Component reuse,False,L2,L2 - Component reuse
69,splash,brace,7.5,17.219999999999892,True,0.375,False,0.022333,True,False,7016012.829922523,8291963.635100042,0.022333,True,7.5,17.219999999999892,True,True,,False,L3,L3 - Downgraded reuse,False,L3,L3 - Downgraded reuse
70,splash,brace,7.5,17.479999999999933,True,0.375,False,0.026178,True,False,7235181.905587211,8291963.635100042,0.026178,True,7.5,17.479999999999933,True,True,,False,L3,L3 - Downgraded reuse,False,L3,L3 - Downgraded reuse
71,splash,brace,7.5,16.979999999999855,True,0.375,False,0.02569,True,False,7016012.829922523,8291963.635100042,0.02569,True,7.5,16.979999999999855,True,True,,False,L3,L3 - Downgraded reuse,False,L3,L3 - Downgraded reuse
72,splash,brace,7.5,17.32999999999991,True,0.375,False,0.026914,True,False,7235181.905587211,8291963.635100042,0.026914,True,7.5,17.32999999999991,True,True,,False,L3,L3 - Downgraded reuse,False,L3,L3 - Downgraded reuse
73,splash,brace,7.5,16.929999999999847,True,0.375,False,0.02465,True,False,7016012.829922523,8291963.635100042,0.02465,True,7.5,16.929999999999847,True,True,,False,L3,L3 - Downgraded reuse,False,L3,L3 - Downgraded reuse
74,splash,brace,7.5,17.229999999999894,True,0.375,False,0.027971,True,False,7235181.905587211,8291963.635100042,0.027971,True,7.5,17.229999999999894,True,True,,False,L3,L3 - Downgraded reuse,False,L3,L3 - Downgraded reuse
75,splash,brace,7.5,17.309999999999906,True,0.375,False,0.024732,True,False,7016012.829922523,8291963.635100042,0.024732,True,7.5,17.309999999999906,True,True,,False,L3,L3 - Downgraded reuse,False,L3,L3 - Downgraded reuse
76,splash,brace,7.5,17.33999999999991,True,0.375,False,0.026561,True,False,7235181.905587211,8291963.635100042,0.026561,True,7.5,17.33999999999991,True,True,,False,L3,L3 - Downgraded reuse,False,L3,L3 - Downgraded reuse
77,splash,brace,7.5,16.149999999999725,True,0.375,False,0.062964,False,False,7016012.829922523,8291963.635100042,0.062964,True,7.5,16.149999999999725,True,True,,False,L3,L3 - Downgraded reuse,False,L3,L3 - Downgraded reuse
78,splash,brace,7.5,16.6199999999998,True,0.375,False,0.061101,False,False,7235181.905587211,8291963.635100042,0.061101,True,7.5,16.6199999999998,True,True,,False,L3,L3 - Downgraded reuse,False,L3,L3 - Downgraded reuse
79,splash,brace,7.5,16.789999999999825,True,0.375,False,0.065424,False,False,7016012.829922523,8291963.635100042,0.065424,True,7.5,16.789999999999825,True,True,,False,L3,L3 - Downgraded reuse,False,L3,L3 - Downgraded reuse
80,splash,brace,7.5,16.82999999999983,True,0.375,False,0.05763,False,False,7235181.905587211,8291963.635100042,0.05763,True,7.5,16.82999999999983,True,True,,False,L3,L3 - Downgraded reuse,False,L3,L3 - Downgraded reuse
81,splash,brace,7.5,16.459999999999773,True,0.375,False,0.056441,False,False,7016012.829922523,8291963.635100042,0.056441,True,7.5,16.459999999999773,True,True,,False,L3,L3 - Downgraded reuse,False,L3,L3 - Downgraded reuse
82,splash,brace,7.5,16.87999999999984,True,0.375,False,0.051651,False,False,7235181.905587211,8291963.635100042,0.051651,True,7.5,16.87999999999984,True,True,,False,L3,L3 - Downgraded reuse,False,L3,L3 - Downgraded reuse
83,splash,brace,7.5,16.899999999999842,True,0.375,False,0.053888,False,False,7016012.829922523,8291963.635100042,0.053888,True,7.5,16.899999999999842,True,True,,False,L3,L3 - Downgraded reuse,False,L3,L3 - Downgraded reuse
84,splash,brace,7.5,16.999999999999858,True,0.375,False,0.053452,False,False,7235181.905587211,8291963.635100042,0.053452,True,7.5,16.999999999999858,True,True,,False,L3,L3 - Downgraded reuse,False,L3,L3 - Downgraded reuse
85,splash,brace,7.5,16.259999999999742,True,0.375,False,0.03263,True,False,7341399.206846292,8291963.635100042,0.03263,True,7.5,16.259999999999742,True,True,,False,L3,L3 - Downgraded reuse,False,L3,L3 - Downgraded reuse
86,atmospheric,brace,0.0,16.289999999999747,True,0.0,True,1.4e-05,True,True,7521368.2844096245,8291963.635100042,,,,,,,,False,L2,L2 - Component reuse,False,L2,L2 - Component reuse
87,splash,brace,7.5,16.10999999999972,True,0.375,False,0.031083,True,False,7341399.206846292,8291963.635100042,0.031083,True,7.5,16.10999999999972,True,True,,False,L3,L3 - Downgraded reuse,False,L3,L3 - Downgraded reuse
88,atmospheric,brace,0.0,16.219999999999736,True,0.0,True,1.2e-05,True,True,7521368.2844096245,8291963.635100042,,,,,,,,False,L2,L2 - Component reuse,False,L2,L2 - Component reuse
89,splash,brace,7.5,16.81999999999983,True,0.375,False,0.034354,True,False,7341399.206846292,8291963.635100042,0.034354,True,7.5,16.81999999999983,True,True,,False,L3,L3 - Downgraded reuse,False,L3,L3 - Downgraded reuse
90,atmospheric,brace,0.0,16.969999999999853,True,0.0,True,1.4e-05,True,True,7521368.2844096245,8291963.635100042,,,,,,,,False,L2,L2 - Component reuse,False,L2,L2 - Component reuse
91,splash,brace,7.5,17.189999999999888,True,0.375,False,0.029524,True,False,7341399.206846292,8291963.635100042,0.029524,True,7.5,17.189999999999888,True,True,,False,L3,L3 - Downgraded reuse,False,L3,L3 - Downgraded reuse
92,atmospheric,brace,0.0,17.33999999999991,True,0.0,True,1.3e-05,True,True,7521368.2844096245,8291963.635100042,,,,,,,,False,L2,L2 - Component reuse,False,L2,L2 - Component reuse
93,splash,brace,7.5,16.099999999999717,True,0.375,False,0.056178,False,False,7341399.206846292,8291963.635100042,0.056178,True,7.5,16.099999999999717,True,True,,False,L3,L3 - Downgraded reuse,False,L3,L3 - Downgraded reuse
94,atmospheric,brace,0.0,16.31999999999975,True,0.0,True,5.4e-05,True,True,7521368.2844096245,8291963.635100042,,,,,,,,False,L2,L2 - Component reuse,False,L2,L2 - Component reuse
95,splash,brace,7.5,16.609999999999797,True,0.375,False,0.059588,False,False,7341399.206846292,8291963.635100042,0.059588,True,7.5,16.609999999999797,True,True,,False,L3,L3 - Downgraded reuse,False,L3,L3 - Downgraded reuse
96,atmospheric,brace,0.0,16.729999999999816,True,0.0,True,5.5e-05,True,True,7521368.2844096245,8291963.635100042,,,,,,,,False,L2,L2 - Component reuse,False,L2,L2 - Component reuse
97,splash,brace,7.5,15.909999999999705,True,0.375,False,0.052221,False,False,7341399.206846292,8291963.635100042,0.052221,True,7.5,15.909999999999705,True,True,,False,L3,L3 - Downgraded reuse,False,L3,L3 - Downgraded reuse
98,atmospheric,brace,0.0,16.129999999999722,True,0.0,True,4.7e-05,True,True,7521368.2844096245,8291963.635100042,,,,,,,,False,L2,L2 - Component reuse,False,L2,L2 - Component reuse
99,splash,brace,7.5,16.42999999999977,True,0.375,False,0.049723,True,False,7341399.206846292,8291963.635100042,0.049723,True,7.5,16.42999999999977,True,True,,False,L3,L3 - Downgraded reuse,False,L3,L3 - Downgraded reuse
100,atmospheric,brace,0.0,16.49999999999978,True,0.0,True,4.6e-05,True,True,7521368.2844096245,8291963.635100042,,,,,,,,False,L2,L2 - Component reuse,False,L2,L2 - Component reuse
101,atmospheric,leg,0.0,39.820000000000626,True,0.0,True,0.0,True,True,27083439.21892673,25567348.908068717,,,,,,,,False,L2,L2 - Component reuse,False,L2,L2 - Component reuse
102,atmospheric,leg,0.0,39.820000000000626,True,0.0,True,0.0,True,True,27083439.21892673,25567348.908068717,,,,,,,,False,L2,L2 - Component reuse,False,L2,L2 - Component reuse
103,atmospheric,leg,0.0,39.820000000000626,True,0.0,True,0.0,True,True,27083439.21892673,25567348.908068717,,,,,,,,False,L2,L2 - Component reuse,False,L2,L2 - Component reuse
104,atmospheric,leg,0.0,39.820000000000626,True,0.0,True,0.0,True,True,27083439.21892673,25567348.908068717,,,,,,,,False,L2,L2 - Component reuse,False,L2,L2 - Component reuse
105,submerged,leg,0.0,474.53999999985837,True,0.0,True,0.0,True,True,729679907.867641,667674565.7125158,,,,,,,,False,L2,L2 - Component reuse,False,L2,L2 - Component reuse
106,submerged,leg,0.0,474.01999999985884,True,0.0,True,0.0,True,True,729679907.867641,667674565.7125158,,,,,,,,False,L2,L2 - Component reuse,False,L2,L2 - Component reuse
107,submerged,leg,0.0,478.95999999985435,True,0.0,True,0.0,True,True,729679907.867641,667674565.7125158,,,,,,,,False,L2,L2 - Component reuse,False,L2,L2 - Component reuse
108,submerged,leg,0.0,478.75999999985453,True,0.0,True,0.0,True,True,729679907.867641,667674565.7125158,,,,,,,,False,L2,L2 - Component reuse,False,L2,L2 - Component reuse
109,submerged,leg,0.0,46.32000000000164,True,0.0,True,0.001383,True,True,93829264.0070576,80219761.28086801,,,,,,,,False,L2,L2 - Component reuse,False,L2,L2 - Component reuse
110,submerged,leg,0.0,45.86000000000157,True,0.0,True,0.001447,True,True,93829264.0070576,80219761.28086801,,,,,,,,False,L2,L2 - Component reuse,False,L2,L2 - Component reuse
111,submerged,leg,0.0,50.36000000000227,True,0.0,True,0.001592,True,True,93829264.0070576,80219761.28086801,,,,,,,,False,L2,L2 - Component reuse,False,L2,L2 - Component reuse
112,submerged,leg,0.0,50.180000000002245,True,0.0,True,0.001237,True,True,93829264.0070576,80219761.28086801,,,,,,,,False,L2,L2 - Component reuse,False,L2,L2 - Component reuse
