member_id,member_class,LC_V26_H3p5_T8,LC_V2_H0p5_T5,LC_V2_H0p5_T6,LC_V2_H1p0_T7,LC_V2_H1p0_T8,LC_V2_H1p5_T8,LC_V4_H0p5_T5,LC_V4_H0p5_T6,LC_V4_H1p0_T5,LC_V4_H1p0_T7,LC_V4_H1p0_T8,LC_V4_H1p5_T7,LC_V4_H1p5_T8,LC_V6_H0p5_T5,LC_V6_H0p5_T6,LC_V6_H1p0_T5,LC_V6_H1p0_T6,LC_V6_H1p0_T8,LC_V6_H1p5_T7,LC_V6_H1p5_T8,LC_V8_H0p5_T5,LC_V8_H0p5_T6,LC_V8_H1p0_T5,LC_V8_H1p0_T6,LC_V8_H1p5_T6,LC_V8_H1p5_T8,LC_V8_H2p0_T7,LC_V8_H2p0_T8,LC_V10_H0p5_T5,LC_V10_H0p5_T6,LC_V10_H1p0_T5,LC_V10_H1p0_T6,LC_V10_H1p5_T6,LC_V10_H2p0_T7,LC_V10_H2p0_T8,LC_V12_H0p5_T5,LC_V12_H1p0_T5,LC_V12_H1p0_T6,LC_V12_H1p5_T6,LC_V12_H2p0_T7,LC_V12_H2p5_T7,LC_V12_H2p5_T8,LC_V14_H0p5_T5,LC_V14_H1p0_T5,LC_V14_H1p0_T6,LC_V14_H1p5_T6,LC_V14_H2p0_T7,LC_V14_H2p5_T7,LC_V14_H2p5_T8,LC_V14_H3p0_T8,LC_V16_H1p0_T5,LC_V16_H1p5_T6,LC_V16_H2p0_T7,LC_V16_H2p5_T7,LC_V16_H2p5_T8,LC_V16_H3p0_T8,LC_V18_H1p5_T6,LC_V18_H2p0_T7,LC_V18_H2p5_T7,LC_V18_H3p0_T8,LC_V18_H3p5_T8,LC_V20_H2p0_T7,LC_V20_H2p5_T7,LC_V20_H3p0_T8,LC_V20_H3p5_T8,LC_V22_H2p5_T7,LC_V22_H3p0_T8,LC_V22_H3p5_T8,LC_V24_H3p5_T8,worst_bin,worst_bin_damage
18,leg,7.141330753778357e-08,1.9983743052856682e-08,1.9859109672527227e-08,2.002720494926213e-08,1.9897356179253255e-08,2.015997536760991e-08,2.1757239724902096e-08,2.1605931973832654e-08,2.2771362822787362e-08,2.1863557878988e-08,2.1685823696049195e-08,2.2442376386813948e-08,2.2042858322202352e-08,1.604992942002962e-08,1.587308636293244e-08,1.7002310420795892e-08,1.64106872809613e-08,1.5898692803095624e-08,1.6596638060379824e-08,1.6205111208644667e-08,1.3783428947680298e-08,1.3713201022656404e-08,1.4288697450135937e-08,1.3972764913981331e-08,1.4537366525663746e-08,1.3885260767754942e-08,1.4630654364847469e-08,1.4177974300692648e-08,3.591903414211307e-08,3.574625730907747e-08,3.667313124504132e-08,3.60533171468993e-08,3.683379541496161e-08,3.675386590641136e-08,3.602165982904425e-08,1.0066655659053679e-07,1.0160778659794295e-07,1.0066267443554183e-07,1.014537770697819e-07,1.0112223980768139e-07,1.0194007128475072e-07,1.0064404150892181e-07,1.6700894913875716e-07,1.6873496742812004e-07,1.6745678791801797e-07,1.6898243002070423e-07,1.6862768498227307e-07,1.6991605858792054e-07,1.680846405514629e-07,1.6896306572148316e-07,1.4561461998071504e-07,1.449290016934948e-07,1.4386427434479144e-07,1.445377733682339e-07,1.425890778421076e-07,1.4295811615469948e-07,1.9922223773178077e-07,1.9762924436094788e-07,1.989259948095841e-07,1.968374010999747e-07,1.9784732566264804e-07,2.497837287433196e-07,2.517346346357675e-07,2.485224991518357e-07,2.494056822822703e-07,2.1922454031912067e-07,2.1649104777653785e-07,2.1803926708481328e-07,3.2249817147356036e-07,LC_V24_H3p5_T8,3.2249817147356036e-07
19,leg,5.4428996760487676e-08,1.5767250540948978e-08,1.56629570965961e-08,1.5783496156600777e-08,1.567929774942357e-08,1.586469612348886e-08,1.5733758682905133e-08,1.562573111955712e-08,1.6467242314657267e-08,1.5822352857932194e-08,1.5692848000542106e-08,1.624651368610405e-08,1.5959823696179978e-08,1.0270630714874502e-08,1.0144429797469821e-08,1.099594192567419e-08,1.0537174759025418e-08,1.0172471493063518e-08,1.065754860655797e-08,1.0383866406764576e-08,9.560987335574386e-09,9.506995061050607e-09,9.977115703565444e-09,9.730172569783257e-09,1.016519408297994e-08,9.681712066201515e-09,1.0242539286246165e-08,9.930957693396312e-09,1.90486513076912e-08,1.8913816308520684e-08,1.9747255042807497e-08,1.9273745128413824e-08,1.9861881985484782e-08,1.9807662485900334e-08,1.934541822730504e-08,6.915148938062055e-08,7.010682207634445e-08,6.941379635878303e-08,7.020632163557803e-08,7.008420657441747e-08,7.076673021325158e-08,6.982350006046096e-08,1.1939779241827787e-07,1.2070101972937544e-07,1.197656821426303e-07,1.2082020017612155e-07,1.2052221028765445e-07,1.2132799053610635e-07,1.2013679068038614e-07,1.20581183062802e-07,9.755627763634244e-08,9.735408793590508e-08,9.683612213191123e-08,9.753159273312899e-08,9.635320226259672e-08,9.658034039908338e-08,1.2827580807618891e-07,1.2769036077757641e-07,1.2893319296836236e-07,1.2780394453423052e-07,1.2871046546408735e-07,1.653840562649357e-07,1.6729853771484756e-07,1.6575765795170125e-07,1.6675539183360687e-07,1.5090912214478862e-07,1.4962178517092919e-07,1.5091687794813269e-07,2.240600062662889e-07,LC_V24_H3p5_T8,2.240600062662889e-07
22,leg,5.469672230363673e-08,1.845687207786498e-08,1.8519966274140925e-08,1.8425064818212233e-08,1.8480793492345986e-08,1.843467016236224e-08,2.9034348310189053e-08,2.890458005184272e-08,2.9956107022572453e-08,2.9104212186999608e-08,2.8952999046272233e-08,2.9603541025357858e-08,2.9247456291595334e-08,2.3212822841979354e-08,2.3081298322719645e-08,2.4052067639670905e-08,2.3517298542763814e-08,2.3092203553820116e-08,2.3686992850106982e-08,2.3344086320610978e-08,2.2859596084506963e-08,2.2763713216860934e-08,2.3517576441747094e-08,2.3100201126401502e-08,2.3724658947022684e-08,2.29896685645877e-08,2.3765997627244843e-08,2.3296638440869976e-08,4.730782739412658e-08,4.71488215525629e-08,4.791154233901249e-08,4.736054037639946e-08,4.791943182920927e-08,4.775351297498791e-08,4.713300221779032e-08,1.169759904536411e-07,1.1794070283819477e-07,1.1700351937360426e-07,1.1775354046467277e-07,1.1735696065864666e-07,1.1815945185351789e-07,1.1683847845255548e-07,1.819556835531797e-07,1.830779628003677e-07,1.8203099450094185e-07,1.8287141034616257e-07,1.8209218070548485e-07,1.8281054509350749e-07,1.8115786712244606e-07,1.8147294156879549e-07,1.854269219630829e-07,1.8434395108782912e-07,1.8302075981803108e-07,1.8347011854715408e-07,1.8213461721407542e-07,1.8186834322846625e-07,2.548441036103218e-07,2.5375675165068037e-07,2.544111931311493e-07,2.528305801916066e-07,2.5340611045798824e-07,3.2876212775994893e-07,3.292420982190596e-07,3.271141217114362e-07,3.2720633508906633e-07,3.108574213723341e-07,3.08812417759175e-07,3.0967958927672047e-07,4.694097464413261e-07,LC_V24_H3p5_T8,4.694097464413261e-07
23,leg,4.221343504120868e-08,1.4644697650465291e-08,1.4680062321029274e-08,1.4609320494403638e-08,1.4646201167569951e-08,1.4604204122657726e-08,2.1688904217776673e-08,2.158924425950715e-08,2.2411202137711486e-08,2.1731073397011646e-08,2.162045097880067e-08,2.208805511678986e-08,2.1821781252750156e-08,1.614968097772718e-08,1.6027611277612022e-08,1.6871702916218587e-08,1.6404865724837887e-08,1.60519953882029e-08,1.652592941781603e-08,1.6256042851652076e-08,1.6566175966570055e-08,1.6491275014507173e-08,1.706867977457672e-08,1.6735059916982374e-08,1.7190759474149947e-08,1.6631032524142603e-08,1.71802352982877e-08,1.6840442346432074e-08,2.8384925196716978e-08,2.826034231843072e-08,2.9090437408524852e-08,2.8617659750421437e-08,2.9226043815915267e-08,2.918919513558172e-08,2.870539233024218e-08,7.803701113877409e-08,7.906632081983464e-08,7.836092376539923e-08,7.920364129554684e-08,7.908624442949967e-08,7.987257379353865e-08,7.880650836206549e-08,1.2654754848956795e-07,1.2743710760030077e-07,1.267266421003347e-07,1.2747105394648388e-07,1.2715920314447897e-07,1.2781709833468085e-07,1.2678545748003628e-07,1.27139816398473e-07,1.228055649177516e-07,1.2250759368989336e-07,1.2203024120463494e-07,1.2238291097924342e-07,1.2150736620850508e-07,1.2158254574471087e-07,1.579532525516669e-07,1.5745081016686345e-07,1.5829928363857136e-07,1.5744568538509963e-07,1.5815443407774088e-07,2.0132329983879723e-07,2.0205197964873787e-07,2.011386245483903e-07,2.0166735438332504e-07,1.912963072102916e-07,1.9045232934430226e-07,1.9133827128796364e-07,2.9758336717981216e-07,LC_V24_H3p5_T8,2.9758336717981216e-07
26,leg,7.174009663903957e-08,2.0001828448139146e-08,1.987418441299359e-08,2.0043329730563325e-08,1.9909476941804187e-08,2.017739529149671e-08,2.1795204648506437e-08,2.162850831853576e-08,2.293240405958261e-08,2.190944412352268e-08,2.1715782790457632e-08,2.2540603572481408e-08,2.210455844580305e-08,1.6101035769026978e-08,1.5912511313021543e-08,1.714582586807456e-08,1.6502797419740222e-08,1.5955610271983827e-08,1.671130392225248e-08,1.6296863401853807e-08,1.3652189124067205e-08,1.3574145651168246e-08,1.427577827283747e-08,1.3879270517266163e-08,1.4567072934707947e-08,1.3774714540132644e-08,1.4648758377682126e-08,1.4126038028846735e-08,3.557870532085327e-08,3.537221555428455e-08,3.64770838324881e-08,3.5770648825104624e-08,3.660599773325092e-08,3.645363571547897e-08,3.564137222661257e-08,9.891165081921206e-08,9.990666816918331e-08,9.899792549037247e-08,9.986543743665407e-08,9.96321138624229e-08,1.0055492602121391e-07,9.927247775134428e-08,1.6455833999213143e-07,1.6632306861067725e-07,1.6496611167412367e-07,1.665035630235902e-07,1.6594958134242044e-07,1.6723129980794018e-07,1.6517226137009417e-07,1.659636513847011e-07,1.4425099937264297e-07,1.4370974284264685e-07,1.4270298609787027e-07,1.4349023923870888e-07,1.4138531460062145e-07,1.4178164527851762e-07,1.9829667146274457e-07,1.9659737077354738e-07,1.97975638498715e-07,1.955010346436956e-07,1.9642222524288964e-07,2.497312685347412e-07,2.518754903628303e-07,2.4856159618965027e-07,2.4951971709891365e-07,2.1944511063741711e-07,2.1680911162087962e-07,2.1827535800949838e-07,3.2210275823729126e-07,LC_V24_H3p5_T8,3.2210275823729126e-07
27,leg,5.460669509915408e-08,1.5896324296927505e-08,1.579174956097908e-08,1.5913575770808912e-08,1.58087364510733e-08,1.5996043703262386e-08,1.6063113837719753e-08,1.5940501203947236e-08,1.6908819093787096e-08,1.6155231007915624e-08,1.601348409013564e-08,1.663005135664572e-08,1.630634523532156e-08,1.0471296616845456e-08,1.0341516903440554e-08,1.124031477498015e-08,1.0756204310085584e-08,1.0373504420842627e-08,1.0888491028397296e-08,1.0598519976403527e-08,9.777246745700255e-09,9.722829413973614e-09,1.0260244156860422e-08,9.971949209812098e-09,1.046156864530681e-08,9.917580437917258e-09,1.052975323948132e-08,1.017613018510945e-08,1.8848019795430596e-08,1.8703227301274543e-08,1.958569990772869e-08,1.9108674843160003e-08,1.9720768751557012e-08,1.968305156173439e-08,1.9210934631724433e-08,6.780498781166306e-08,6.882896532365955e-08,6.809511246378808e-08,6.894054520197761e-08,6.881855876758564e-08,6.955359953047061e-08,6.853890454379773e-08,1.173157544754355e-07,1.1864849642651398e-07,1.1772280749973503e-07,1.1880668349267276e-07,1.1853171417731106e-07,1.1940476425833866e-07,1.1815178764729418e-07,1.1865316708151662e-07,9.486042351891763e-08,9.469568604294578e-08,9.421416080996795e-08,9.491988806529132e-08,9.375650279029167e-08,9.401839100056141e-08,1.240608453224732e-07,1.2348261947348415e-07,1.2471393073485391e-07,1.2360641112913495e-07,1.2452697261321571e-07,1.609697032212068e-07,1.6293511813144432e-07,1.6139831394494672e-07,1.6243420176586763e-07,1.4651171918610362e-07,1.452538237223438e-07,1.4663750651155176e-07,2.1858796490988015e-07,LC_V24_H3p5_T8,2.1858796490988015e-07
30,leg,5.4326111891547075e-08,1.8482355000329496e-08,1.8540133745557072e-08,1.8451934693415936e-08,1.8506217699869632e-08,1.846509642035809e-08,2.8942857213970972e-08,2.8827046667663178e-08,2.9792258964562914e-08,2.902079914679668e-08,2.8883200406909554e-08,2.9493087787673884e-08,2.91660139267637e-08,2.3140044307919298e-08,2.3024969055064797e-08,2.3876376958497794e-08,2.339727635548167e-08,2.3011917627100854e-08,2.3530731485231838e-08,2.3219271709424105e-08,2.2911808309085296e-08,2.2821454082339522e-08,2.3509134967826343e-08,2.314253521065167e-08,2.3724549033044765e-08,2.3102657460100808e-08,2.382868372222844e-08,2.342789684939785e-08,4.755487277703684e-08,4.742831601270206e-08,4.8088609774229015e-08,4.7614516482973744e-08,4.814640800525726e-08,4.8087945167002914e-08,4.753852076591704e-08,1.1874830783714825e-07,1.1977183259087996e-07,1.1890511003147776e-07,1.197170832693525e-07,1.1933385757051442e-07,1.2021494921130806e-07,1.1881280804574208e-07,1.8411796468317525e-07,1.850638004453228e-07,1.8410196300380452e-07,1.8485659737152908e-07,1.8415500004599704e-07,1.848969098381739e-07,1.8338191042754566e-07,1.8378738299197353e-07,1.866110081363373e-07,1.8548205440323245e-07,1.8415315529592398e-07,1.8443089564824348e-07,1.832540524489135e-07,1.8287128482545814e-07,2.550789113996135e-07,2.538951074779911e-07,2.5451421829119804e-07,2.5300334613297005e-07,2.5366666101862735e-07,3.2850405428366355e-07,3.2879544992106065e-07,3.26694959645044e-07,3.2681324180556963e-07,3.106925393213315e-07,3.0859380199008205e-07,3.0959290450461083e-07,4.6821464170579193e-07,LC_V24_H3p5_T8,4.6821464170579193e-07
31,leg,4.2199737951399595e-08,1.4811177890038896e-08,1.4847263237543055e-08,1.477602491717472e-08,1.4814381441490859e-08,1.4772064400734812e-08,2.1705418959016816e-08,2.1609213243862268e-08,2.2398323259608855e-08,2.174567691963969e-08,2.1639795484941802e-08,2.2090865310735776e-08,2.1834673576805275e-08,1.6187951968627627e-08,1.6070836065840962e-08,1.6885387346951292e-08,1.6434338125071315e-08,1.6092949040683023e-08,1.6552299096161855e-08,1.628775634684469e-08,1.6807765768567407e-08,1.673636363129512e-08,1.7289571087780724e-08,1.6972134567147904e-08,1.7401410594689984e-08,1.6878483141236248e-08,1.738694092779112e-08,1.7070610030676412e-08,2.8640438016862845e-08,2.8515107792297895e-08,2.937277380770697e-08,2.8889783138852112e-08,2.9510179242864253e-08,2.94731533267185e-08,2.8989263095411684e-08,7.945566106865699e-08,8.039250430008078e-08,7.970437767696827e-08,8.046394604682075e-08,8.031365650015833e-08,8.098494993732791e-08,8.002652617155384e-08,1.2846769748014017e-07,1.293816807726786e-07,1.2866047991917205e-07,1.2941644670287834e-07,1.290958788365434e-07,1.2972928534599595e-07,1.2870033772615114e-07,1.2903171501135973e-07,1.2480309083974602e-07,1.2452348672944283e-07,1.2404597315836489e-07,1.2443817046474056e-07,1.2350423122869613e-07,1.2359251570636603e-07,1.6028705106628637e-07,1.5985283419401083e-07,1.606294277101231e-07,1.5987868205467146e-07,1.6052735608009505e-07,2.0411033831983032e-07,2.0478648479016665e-07,2.039454815180428e-07,2.0445847017372913e-07,1.9436776447313762e-07,1.9351730579669242e-07,1.9434869372787245e-07,3.023103091211822e-07,LC_V24_H3p5_T8,3.023103091211822e-07
69,brace,1.6075310716882893e-08,8.998573089305917e-10,8.893473784854596e-10,9.296630844745818e-10,9.033502150632028e-10,1.2741332134657326e-09,1.62560756488172e-09,1.6138815910603521e-09,1.7570900124878894e-09,1.6323173325349848e-09,1.6108714582499567e-09,2.469337872287907e-09,2.0957073938692136e-09,2.4413022082239782e-09,2.417982037293409e-09,3.003694154260817e-09,2.8733198792735903e-09,2.510125933018364e-09,4.116838315444947e-09,3.6166258904061327e-09,4.253418782495994e-09,4.204403103900211e-09,4.951359420604654e-09,4.7447836896545805e-09,6.85059152078046e-09,5.597961078386449e-09,8.889826342688047e-09,7.734280882297622e-09,1.346251109406244e-08,1.3401365305984959e-08,1.519273521392648e-08,1.4908705987389208e-08,1.7856079213652967e-08,2.060905582000561e-08,1.8880415202090376e-08,1.90062907004366e-08,1.9201736473683423e-08,1.9023274915801503e-08,2.096839807565887e-08,2.3714377489368412e-08,2.9148063287316045e-08,2.6228130248502602e-08,2.5697870951913544e-08,2.5994981130368247e-08,2.574122772310003e-08,2.623383323754543e-08,2.7394661975671053e-08,3.3121761521670265e-08,2.9986244304995514e-08,3.6118367034334e-08,3.122872673361648e-08,3.11227343896138e-08,3.2329556381920416e-08,3.7888711754941494e-08,3.449692512808717e-08,4.054932438289025e-08,4.9438166998581524e-08,4.938861894061625e-08,5.508781500063442e-08,5.815760544956669e-08,6.705331414652233e-08,6.437719043521904e-08,6.730757054849677e-08,7.009666703732824e-08,7.913981840775635e-08,6.538863954825656e-08,6.862224563152461e-08,7.768164765618264e-08,9.503633721493348e-08,LC_V24_H3p5_T8,9.503633721493348e-08
70,brace,1.1156151543171836e-08,2.207429359151582e-09,2.206103504705539e-09,2.2149710470872793e-09,2.2032570767963836e-09,2.252917292061073e-09,3.918494322756095e-09,3.900350414286022e-09,4.024611011262826e-09,3.917802723797853e-09,3.896873084055124e-09,3.975245949595806e-09,3.925753671048017e-09,4.111831315838945e-09,4.0924107058648956e-09,4.238798090359567e-09,4.151240460233486e-09,4.068324459844473e-09,4.201285448677312e-09,4.119703311529995e-09,6.263999322575648e-09,6.245475797569452e-09,6.496713589648837e-09,6.416957877406159e-09,6.909939081237362e-09,6.467431647343754e-09,7.837766913973902e-09,6.938847419212185e-09,1.64867949246325e-08,1.6451785039525348e-08,1.6782748912377176e-08,1.6658008753414037e-08,1.735860597518403e-08,1.8118198297961115e-08,1.7312012287390765e-08,2.6459155078372854e-08,2.667533196612831e-08,2.651628272644361e-08,2.6964130010510773e-08,2.717659565666295e-08,2.8183463317728944e-08,2.7374125160375932e-08,3.527929666002639e-08,3.552176157621005e-08,3.54279170057013e-08,3.586694139706329e-08,3.618331541441601e-08,3.715189321922514e-08,3.639878454203326e-08,3.743187001275398e-08,3.845498535943952e-08,3.8468958250633315e-08,3.846190659751371e-08,3.892463261092934e-08,3.816780650058264e-08,3.8982484342284e-08,5.962429738356393e-08,5.95639137240031e-08,6.043431251926754e-08,6.047296198859132e-08,6.252042524029992e-08,7.521706104637054e-08,7.584392373860545e-08,7.551010813087059e-08,7.731859226062356e-08,7.307848160597704e-08,7.283384253487446e-08,7.444131832173426e-08,9.745951447348673e-08,LC_V24_H3p5_T8,9.745951447348673e-08
71,brace,1.6106754865411277e-08,7.339089025734519e-10,7.324838738087057e-10,7.944042418412565e-10,7.388829463828537e-10,1.213481897863461e-09,1.7550121772821317e-09,1.7468530328876043e-09,1.8265688848074073e-09,1.7541069891906556e-09,1.7405891588758054e-09,2.4238144733094433e-09,2.0329776308029836e-09,2.7765906692404676e-09,2.760612353931724e-09,2.978150786036962e-09,2.8492616251997627e-09,2.7351538093033797e-09,4.013156056690342e-09,3.5162014944879926e-09,4.508797614177833e-09,4.479821980624385e-09,5.22653331253942e-09,5.053854794478703e-09,7.232758483386239e-09,5.98694545254924e-09,9.389873672949175e-09,8.203415423831026e-09,1.381383702778393e-08,1.3734461555174857e-08,1.5766685660586494e-08,1.5429371291052476e-08,1.849292088188235e-08,2.1265403727625368e-08,1.9508499143239017e-08,2.0164046391558992e-08,2.0953696713255064e-08,2.0611323784327014e-08,2.3741808734038124e-08,2.6776116431844483e-08,3.2533351220959735e-08,2.9512358881119014e-08,2.8491562484036154e-08,2.84332155073579e-08,2.829686734078326e-08,3.044071467807431e-08,3.3222563563513234e-08,3.9224630616974415e-08,3.594908771493437e-08,4.2270098976619405e-08,3.508063052519229e-08,3.610710495522998e-08,3.9124617705103215e-08,4.522406011719173e-08,4.186715234765698e-08,4.837984760465998e-08,5.665204975762806e-08,5.980463402751209e-08,6.684596273904319e-08,7.01137587308698e-08,7.957397242711337e-08,7.392331616473375e-08,8.128034793900053e-08,8.432816756161969e-08,9.411721850387206e-08,8.131397382410339e-08,8.454144055754903e-08,9.441640864805202e-08,1.1442770433014309e-07,LC_V24_H3p5_T8,1.1442770433014309e-07
72,brace,1.1042644046876632e-08,2.1487647846598874e-09,2.1427283288811645e-09,2.1647522086485036e-09,2.1479938074899448e-09,2.20843783662382e-09,3.4969262103512454e-09,3.477609833506101e-09,3.62002046462152e-09,3.4973535701854614e-09,3.4763951664221406e-09,3.5936655363193015e-09,3.5294319730877926e-09,3.8955009861808605e-09,3.8738898275162624e-09,4.07967926332584e-09,3.994321770660817e-09,3.879855188762023e-09,4.134281205081397e-09,4.011101727253744e-09,6.062516233938392e-09,6.0472604844599835e-09,6.353693041129011e-09,6.242747128767257e-09,6.918127796382858e-09,6.377626071466488e-09,7.717653602785579e-09,7.06594457746952e-09,1.587510817178317e-08,1.582568752235547e-08,1.6443397081061494e-08,1.6199797979240087e-08,1.73938991680264e-08,1.8415983315552574e-08,1.7429805800129803e-08,2.6038604549055308e-08,2.6329394056106702e-08,2.6196549524022493e-08,2.662827559699141e-08,2.702010066302759e-08,2.859501228415175e-08,2.7535389324992195e-08,3.638167597987075e-08,3.676472320222731e-08,3.663403833527848e-08,3.714732509378322e-08,3.746555338110805e-08,3.872493788127058e-08,3.7743578195509096e-08,3.91571152255216e-08,3.9259336684835775e-08,3.922163155116401e-08,3.9442578616446553e-08,4.158005685185753e-08,4.01488244304024e-08,4.224434049668022e-08,6.190760239308533e-08,6.193515950312064e-08,6.413511333913009e-08,6.458306699810203e-08,6.842799370825753e-08,7.720623652272937e-08,7.894406818228508e-08,7.930496106561002e-08,8.303642412176097e-08,8.036340222856144e-08,8.069792640632395e-08,8.447841276023556e-08,1.0797485339968676e-07,LC_V24_H3p5_T8,1.0797485339968676e-07
73,brace,1.5336868384329746e-08,9.089128720539393e-10,9.073129283810226e-10,9.223112152061801e-10,9.100217223160013e-10,1.2761385934878087e-09,1.8202022380443439e-09,1.8119986195626192e-09,1.868563145045417e-09,1.8127662462113366e-09,1.8037546137303976e-09,2.34094942925638e-09,2.006182565063998e-09,2.7165747201551214e-09,2.7051708858750125e-09,2.9625448514897265e-09,2.7914143404809e-09,2.6794326954051363e-09,3.91333726105585e-09,3.3911906316092334e-09,4.321613025311278e-09,4.304127248389975e-09,4.834723351797155e-09,4.628671944014803e-09,6.662111513819629e-09,5.4299600729215124e-09,8.621963461814426e-09,7.4430885053739874e-09,1.3107302842200184e-08,1.3037012035230916e-08,1.4160914849341153e-08,1.3813073812566215e-08,1.663599267842657e-08,1.9122125222633707e-08,1.7393611005229418e-08,2.0523750496316797e-08,2.0637140155906442e-08,2.0504646711794026e-08,2.239264727762988e-08,2.5063094704141428e-08,3.0359878055986604e-08,2.73628733117654e-08,2.8707076713770678e-08,2.879916330569574e-08,2.8618217903909888e-08,2.8857500698553255e-08,3.076941331985256e-08,3.625498653332642e-08,3.2979943660589964e-08,3.875679584049445e-08,3.5549242189680145e-08,3.526562558567647e-08,3.7847832193802814e-08,4.3826383357577676e-08,4.036420468489309e-08,4.656857558773935e-08,5.6270665343075644e-08,5.7284142435195103e-08,6.363886033140877e-08,6.625334143690654e-08,7.498336039069086e-08,7.410495196523384e-08,7.803239352524933e-08,8.069233788133234e-08,8.940609820623048e-08,8.256354763888157e-08,8.51841999222047e-08,9.438564427345072e-08,1.1486553463742053e-07,LC_V24_H3p5_T8,1.1486553463742053e-07
74,brace,1.0846732400759739e-08,2.237555603599039e-09,2.234173187886535e-09,2.2468316988460515e-09,2.2345112380758796e-09,2.2864879743062984e-09,3.836577232037285e-09,3.814006046474823e-09,3.970763282459317e-09,3.836477362583376e-09,3.811637819981907e-09,3.928974786363757e-09,3.8491903270453415e-09,3.98789983673942e-09,3.958729589339626e-09,4.2489523903609514e-09,4.1062231294603656e-09,3.956207360394957e-09,4.2602592625719745e-09,4.107936741968525e-09,6.1634072288513205e-09,6.1370072626318715e-09,6.46243011810492e-09,6.340828602924221e-09,6.844111217623123e-09,6.385527897840237e-09,7.58589578925869e-09,6.831098467502991e-09,1.5630362372379528e-08,1.557177250744049e-08,1.606891249900321e-08,1.5841522591402156e-08,1.672831177854242e-08,1.7417342653181777e-08,1.6599867472403424e-08,2.7188484599153967e-08,2.769677672098484e-08,2.738553253283419e-08,2.7965287611338335e-08,2.812256598433462e-08,2.919369106188038e-08,2.824484275030318e-08,3.748259546223552e-08,3.7787481797417057e-08,3.7547636799513356e-08,3.8072213691016715e-08,3.823863327879667e-08,3.9159658383151805e-08,3.8280300108413685e-08,3.925625508840413e-08,4.208100753801944e-08,4.217449091729396e-08,4.219783881244008e-08,4.340364556952578e-08,4.2455854675897126e-08,4.36791468350855e-08,6.548825320454042e-08,6.557078766361903e-08,6.68286389473034e-08,6.685531078288448e-08,6.963001507264905e-08,8.275793816074776e-08,8.371943008480209e-08,8.350060868490282e-08,8.59431142249442e-08,8.673820851036426e-08,8.677856359596722e-08,8.989537856089051e-08,1.1644743871147177e-07,LC_V24_H3p5_T8,1.1644743871147177e-07
75,brace,1.543400688940512e-08,8.329863132938421e-10,8.212115523470167e-10,8.628676435164437e-10,8.39299135727996e-10,1.2536695988300082e-09,1.3690968273407222e-09,1.360416919060889e-09,1.5809082243953046e-09,1.3965905006602824e-09,1.3613656816526037e-09,2.300351649145523e-09,1.907326889501826e-09,2.357874453209228e-09,2.3402869375653618e-09,3.0908762011483724e-09,2.919931791670981e-09,2.5215057103696273e-09,4.093111347647882e-09,3.5903335959205237e-09,3.6745380287496294e-09,3.625414495103795e-09,4.894503639793575e-09,4.729086217487889e-09,6.791579941138173e-09,5.575402555471905e-09,8.789302295617523e-09,7.639682632113829e-09,1.5320294626267457e-08,1.5228490971627917e-08,1.7318193641473885e-08,1.6954870504612765e-08,2.0032739071122472e-08,2.2794356944456437e-08,2.1014679902653174e-08,1.9295783187209852e-08,2.0905265585645005e-08,2.0513152855988003e-08,2.367516191549552e-08,2.6588563258849947e-08,3.206972659374748e-08,2.903428452243489e-08,2.661683348051891e-08,2.6603402302691058e-08,2.64610237439255e-08,2.850983899511007e-08,3.139102210995504e-08,3.726691443335906e-08,3.392656051402479e-08,3.9995238089690755e-08,3.1244057249844623e-08,3.356518697083153e-08,3.6447644505628015e-08,4.199664285542513e-08,3.8481407470920493e-08,4.439908284600085e-08,5.4396976152775845e-08,5.740182768585002e-08,6.390314931896231e-08,6.642779102104052e-08,7.485634744161326e-08,7.123907661170371e-08,7.807703677824943e-08,8.04088984630378e-08,8.928425897137241e-08,7.465683235980543e-08,7.72036023366737e-08,8.591338882182076e-08,1.0645947556594816e-07,LC_V24_H3p5_T8,1.0645947556594816e-07
76,brace,1.1010929457577441e-08,2.1340643787039983e-09,2.1350637910222637e-09,2.1406245865694996e-09,2.1317686501488437e-09,2.1805361241273526e-09,3.6164256816402345e-09,3.5989694133425484e-09,3.731480630210619e-09,3.616030477814116e-09,3.5955053501995105e-09,3.6722931637014032e-09,3.6238748777603932e-09,3.945115070359777e-09,3.919899650201234e-09,4.131349342319171e-09,4.013783636844234e-09,3.901457819804718e-09,4.140792113204793e-09,4.002106503823247e-09,5.6358764046185426e-09,5.611048684908776e-09,5.9739372783779605e-09,5.840113215608768e-09,6.49864178474519e-09,5.928269148657755e-09,7.372272825857119e-09,6.532262879711141e-09,1.6733195982211945e-08,1.6655289908108462e-08,1.7472740428170086e-08,1.7118082408101193e-08,1.838944172219687e-08,1.9251647476840105e-08,1.827679568100831e-08,2.6048766395411463e-08,2.6483474320489264e-08,2.6239029655076726e-08,2.680955247192584e-08,2.7055827262895527e-08,2.843818750932558e-08,2.7289234345428856e-08,3.564517260393952e-08,3.623747575914372e-08,3.595702514869714e-08,3.666305473081188e-08,3.688773387240342e-08,3.814971704530413e-08,3.700788662743599e-08,3.833073762529479e-08,3.873514158553116e-08,3.837613897012184e-08,3.82574630629661e-08,3.929696098335742e-08,3.7975698230892815e-08,3.957553935228555e-08,6.079958507385185e-08,6.060393394692512e-08,6.175397970354659e-08,6.158384808253757e-08,6.449282357629542e-08,7.689131990699677e-08,7.681730682460712e-08,7.625116923833958e-08,7.932859685603292e-08,7.785001795881996e-08,7.742854737194341e-08,8.028066760847001e-08,1.0781998299589995e-07,LC_V24_H3p5_T8,1.0781998299589995e-07
77,brace,8.392547496004422e-09,1.3723788064626833e-09,1.3390063625810434e-09,1.460062326062942e-09,1.40105310657364e-09,1.5853938402731995e-09,2.6485991234772774e-09,2.606793119910527e-09,3.0748683002176552e-09,2.7711059678484606e-09,2.69044602282557e-09,3.121068511123175e-09,2.933358774626733e-09,5.487934585465926e-09,5.436861651338798e-09,5.9762077688258525e-09,5.751716307144794e-09,5.4892550145854555e-09,6.005556640204956e-09,5.755181530671527e-09,6.0388911076232365e-09,5.993810787136148e-09,6.587340167132532e-09,6.3786968854722606e-09,7.111246967076025e-09,6.573792289266558e-09,7.624251747411432e-09,7.212250494203459e-09,5.5365262981219686e-08,5.515167411564495e-08,5.611870517630284e-08,5.54410185730349e-08,5.637464028998284e-08,5.638341992349267e-08,5.5292076491174105e-08,6.955321647532557e-08,7.029693390848506e-08,6.950663115874162e-08,7.046009832403844e-08,7.052953804829369e-08,7.221221998441117e-08,7.04304329024317e-08,8.758145685243996e-08,8.804085094502746e-08,8.732937316650295e-08,8.802157837665926e-08,8.786890003702235e-08,8.931753268372869e-08,8.758232133884741e-08,8.895886636102872e-08,9.597749353207963e-08,9.579494551703586e-08,9.539624129500657e-08,9.710465281788915e-08,9.502007352699607e-08,9.653396299988564e-08,1.5658886928446924e-07,1.5546416840544883e-07,1.5679431073697855e-07,1.5543461525279232e-07,1.5744514493800144e-07,1.7773263685480283e-07,1.7896391555051651e-07,1.7683380519784126e-07,1.786903211104487e-07,1.5948818374461569e-07,1.5803124812913202e-07,1.602800454500909e-07,1.8947947794291457e-07,LC_V24_H3p5_T8,1.8947947794291457e-07
78,brace,6.607388679916235e-09,1.1299335794905654e-09,1.1260274713553162e-09,1.1766148446606346e-09,1.15566747132844e-09,1.238832732100589e-09,2.978573297603933e-09,2.9584891973935356e-09,3.196221068952385e-09,3.0497208674462817e-09,3.005145329340356e-09,3.2541467616342306e-09,3.147457050836633e-09,5.881952492258807e-09,5.853193453611034e-09,6.145949344866366e-09,6.038312965624896e-09,5.874316309437422e-09,6.185278598185411e-09,6.031644843874507e-09,6.730691784753401e-09,6.705956363342274e-09,7.028437030077282e-09,6.925344341445037e-09,7.32530526881194e-09,6.99237888824869e-09,7.572125324225139e-09,7.317135604969104e-09,4.9261999123531296e-08,4.9134867473672726e-08,4.9439774652820044e-08,4.9069976266211696e-08,4.933462877802043e-08,4.898934321420829e-08,4.8311728331986446e-08,6.591948897181421e-08,6.600196954482793e-08,6.554858240851505e-08,6.57302254881491e-08,6.537206367609342e-08,6.589325858311687e-08,6.483840715598289e-08,8.80500005151632e-08,8.810293189772433e-08,8.765463919657107e-08,8.781144286950466e-08,8.72386085680061e-08,8.771532914938798e-08,8.646408543599362e-08,8.680457011748792e-08,9.704195608958276e-08,9.632866789288363e-08,9.541357194728674e-08,9.580917734761949e-08,9.458119922258268e-08,9.463987187136193e-08,1.5507802092088533e-07,1.533874697612778e-07,1.531634623204186e-07,1.5131017272547002e-07,1.51336966078482e-07,1.786774671668764e-07,1.7851232141175325e-07,1.761599359759112e-07,1.7616289824998779e-07,1.6097429724232254e-07,1.592362675893931e-07,1.5953401652158252e-07,1.9857064199117986e-07,LC_V24_H3p5_T8,1.9857064199117986e-07
79,brace,7.150250126713387e-09,1.2370770583339323e-09,1.2152869984841265e-09,1.3168954464444037e-09,1.2699756070277573e-09,1.4290504528519517e-09,3.2182679678309332e-09,3.1726965490862245e-09,3.6758433519102477e-09,3.3424600656686583e-09,3.2563208138745594e-09,3.716170579268997e-09,3.51330729930745e-09,6.080445036501774e-09,6.027643573004668e-09,6.594196198484832e-09,6.354168143796915e-09,6.081172432925212e-09,6.6079805787135806e-09,6.347647380369635e-09,7.0519237742514935e-09,6.999518264738012e-09,7.563123719856276e-09,7.323647914772842e-09,8.018853835128354e-09,7.368111551120278e-09,8.376468694183847e-09,7.891202580948402e-09,5.428677183946252e-08,5.408495534469518e-08,5.5113642708236777e-08,5.446763699177e-08,5.547306920465835e-08,5.5574472593561604e-08,5.448239457759822e-08,7.07498668132884e-08,7.153562497489853e-08,7.074339840614748e-08,7.177345396879312e-08,7.186595635895769e-08,7.36133949553997e-08,7.17575109046032e-08,9.214466081198146e-08,9.265195775237068e-08,9.194621824942327e-08,9.267792773851634e-08,9.248033865810602e-08,9.39491389743574e-08,9.208369500964102e-08,9.343649398505913e-08,1.0165358461652457e-07,1.0140597246073045e-07,1.0094977953242145e-07,1.0181371188314263e-07,9.982181847897103e-08,1.0104978325836e-07,1.6340646519424807e-07,1.6243721363424768e-07,1.6369123403393813e-07,1.624855731829517e-07,1.6432141818601454e-07,1.8606999258022963e-07,1.872366795204194e-07,1.853559213582885e-07,1.869754613699065e-07,1.7131532079112416e-07,1.6985572776884376e-07,1.717858618405149e-07,2.021110805075576e-07,LC_V24_H3p5_T8,2.021110805075576e-07
80,brace,7.763798959161259e-09,1.3122506832567575e-09,1.2977430374119556e-09,1.3645922520983223e-09,1.3324552247181573e-09,1.4319692597440885e-09,2.219315251094421e-09,2.2044061227335345e-09,2.3921315298428548e-09,2.286408750257869e-09,2.247934987151247e-09,2.4603306483639692e-09,2.3724588803455153e-09,4.926927943812316e-09,4.911020649946697e-09,5.097290690152201e-09,5.031913075922491e-09,4.920529078648618e-09,5.1549212877197984e-09,5.04016969080637e-09,5.976883818070138e-09,5.965083443122522e-09,6.0125100747453016e-09,5.976450977011964e-09,6.033432653121553e-09,5.938102794132186e-09,6.231426584229257e-09,6.026197569146435e-09,4.781599262529674e-08,4.771690662026437e-08,4.7793625318940456e-08,4.7517474406679934e-08,4.760399237732786e-08,4.7239246411006574e-08,4.668177532672396e-08,6.372075450478402e-08,6.372985003033127e-08,6.333564641503542e-08,6.343174771268013e-08,6.308432714237967e-08,6.34807344278092e-08,6.253333565456433e-08,8.532640412082592e-08,8.515824067224647e-08,8.476661211914182e-08,8.46704818463313e-08,8.403271832295041e-08,8.422440103893727e-08,8.325972357649403e-08,8.336849978437352e-08,9.137052128888424e-08,9.060527324031923e-08,8.971061814709992e-08,8.941847968841937e-08,8.830411629832688e-08,8.831972642455758e-08,1.4451515675371274e-07,1.428988225116424e-07,1.4265000604334513e-07,1.4081237182187085e-07,1.407662844920002e-07,1.6669125000710208e-07,1.6646174629335533e-07,1.6402661017945794e-07,1.6381190205882234e-07,1.483871770978017e-07,1.4649534208678055e-07,1.466042592895026e-07,1.7861412585527835e-07,LC_V24_H3p5_T8,1.7861412585527835e-07
81,brace,7.1111436917392e-09,1.4535851694223485e-09,1.4323440513616713e-09,1.5311802818475125e-09,1.4850330025475303e-09,1.6419894138148258e-09,3.354743045156653e-09,3.303382333987784e-09,3.810486181681976e-09,3.473504192884214e-09,3.385960153406495e-09,3.8397136397109465e-09,3.6364295659342075e-09,5.799441605327569e-09,5.73387045750272e-09,6.328658523019872e-09,6.078253498969601e-09,5.786850988590049e-09,6.334305500514207e-09,6.067208631761886e-09,6.77212871194087e-09,6.710773637379196e-09,7.272846309879882e-09,7.032295444932827e-09,7.687305933098068e-09,7.022034610835419e-09,7.989936904837753e-09,7.492545312527187e-09,4.428067602864411e-08,4.41284774437726e-08,4.492103629931369e-08,4.440598221731451e-08,4.529467262523859e-08,4.5483541911817853e-08,4.450849541414362e-08,5.99192366190751e-08,6.070017569473602e-08,5.99962877518249e-08,6.100348950025833e-08,6.12021599503413e-08,6.293938671244027e-08,6.123195346098088e-08,7.788237481599446e-08,7.835127311572039e-08,7.770424834453018e-08,7.842388057930475e-08,7.809406207802448e-08,7.937540989412076e-08,7.74753499316245e-08,7.861456552526485e-08,8.822210210173897e-08,8.792024785615443e-08,8.756420072865612e-08,8.853526139589208e-08,8.672260223167912e-08,8.80194125280717e-08,1.397916530382743e-07,1.3881818347273898e-07,1.4016448603525528e-07,1.3899857218931927e-07,1.4103163782109693e-07,1.642665429590905e-07,1.6504364956240682e-07,1.6270738977739634e-07,1.6424100053294995e-07,1.5415548706857755e-07,1.529596482266535e-07,1.5488058030459234e-07,1.9176967872775983e-07,LC_V24_H3p5_T8,1.9176967872775983e-07
82,brace,7.75842259703188e-09,1.3969486841481846e-09,1.3810458628656236e-09,1.4508134470956036e-09,1.4173293397291882e-09,1.5238787172078099e-09,2.5605223819567197e-09,2.53347296991274e-09,2.8027140056049954e-09,2.627643300399031e-09,2.5780092008318836e-09,2.840704516856515e-09,2.7258519428171518e-09,4.850767314927114e-09,4.8134742652017405e-09,5.160935234712983e-09,5.027006059386795e-09,4.84325171646127e-09,5.18699250897089e-09,5.019249096331118e-09,5.811005779751141e-09,5.802975062313352e-09,6.030927304378834e-09,5.919798933666336e-09,6.294446058972527e-09,5.952309704020895e-09,6.4992277141736966e-09,6.23652065623124e-09,4.026005745326813e-08,4.015119593775465e-08,4.04166669833257e-08,4.009686094941007e-08,4.03552304298477e-08,4.006327720767356e-08,3.94256847158124e-08,5.5921474032257834e-08,5.605520892064432e-08,5.5645442131141944e-08,5.586333950697822e-08,5.554996034332268e-08,5.606562871872285e-08,5.5068484533093377e-08,7.393071509612319e-08,7.417275124701687e-08,7.36462870442564e-08,7.400395476857894e-08,7.354029598344655e-08,7.418308972167411e-08,7.289639616125333e-08,7.34107331932863e-08,8.272720905668487e-08,8.223670655786469e-08,8.144610403265871e-08,8.154312580738486e-08,8.014511766584614e-08,8.041648618046353e-08,1.2925878393333426e-07,1.2787635820199105e-07,1.2816159760667086e-07,1.2634390268556642e-07,1.267324656610912e-07,1.5457244137260394e-07,1.548582247184584e-07,1.5241027463228224e-07,1.5274289994792093e-07,1.378456537704038e-07,1.3622764026410226e-07,1.365900229560621e-07,1.6870285677506678e-07,LC_V24_H3p5_T8,1.6870285677506678e-07
83,brace,8.411166272019681e-09,1.493121854359454e-09,1.4606373634121619e-09,1.5832399716651157e-09,1.524057981272644e-09,1.713923465761426e-09,3.0193128154212167e-09,2.9621879998227198e-09,3.508142298672285e-09,3.1367510676685943e-09,3.0448351237242506e-09,3.5213283450101924e-09,3.3084033361478818e-09,5.398303918521437e-09,5.326193650251669e-09,6.005033539537764e-09,5.721732999820725e-09,5.398635215163684e-09,6.004759573438213e-09,5.7164943837957255e-09,6.306000723733912e-09,6.245825034777738e-09,6.8155236940886935e-09,6.570095807856385e-09,7.188963320906133e-09,6.559850212527955e-09,7.477717384751051e-09,7.022550099484908e-09,4.5339709273543696e-08,4.51774537797437e-08,4.588793979873905e-08,4.534413874961368e-08,4.6084494578305276e-08,4.608181348335634e-08,4.5118265072757426e-08,5.8410204400096036e-08,5.913147210742738e-08,5.842595839880564e-08,5.929078485347406e-08,5.935489897246074e-08,6.086637820204236e-08,5.922773532073929e-08,7.394942573745205e-08,7.466816570694355e-08,7.388743465607886e-08,7.479188787239203e-08,7.45397936032367e-08,7.607565829290861e-08,7.402911731633586e-08,7.530255611238269e-08,8.28118423412815e-08,8.261416818961684e-08,8.206510927953421e-08,8.377446569504368e-08,8.166913841124834e-08,8.307448045487704e-08,1.3244087197656096e-07,1.313341158397562e-07,1.3266497677993462e-07,1.3119768096207412e-07,1.3304233907538008e-07,1.5417859794669592e-07,1.5530529461384058e-07,1.5305706176916585e-07,1.5480963423122476e-07,1.4001932856313363e-07,1.3890706109161198e-07,1.4073401673594908e-07,1.6767478937399167e-07,LC_V24_H3p5_T8,1.6767478937399167e-07
84,brace,6.4904258610613816e-09,1.343453022797769e-09,1.340550033735917e-09,1.387855438443511e-09,1.3689981654230763e-09,1.4440176755319795e-09,3.0473282760740782e-09,3.0322262701179875e-09,3.2236643919196694e-09,3.112434279416187e-09,3.0732408836617915e-09,3.2840474935580796e-09,3.195465875522711e-09,5.51435303483686e-09,5.493250583697397e-09,5.712998983536891e-09,5.638737993833544e-09,5.502783263216374e-09,5.766173239960383e-09,5.634316670983057e-09,6.384757749646094e-09,6.358385659530765e-09,6.633737867257983e-09,6.54616195205669e-09,6.882099715445102e-09,6.570027734900102e-09,7.0733227331556e-09,6.834676874692151e-09,4.1147149213606697e-08,4.1071648779686455e-08,4.115318113556572e-08,4.093870388628072e-08,4.1072975862191715e-08,4.0811153640620494e-08,4.027961382970844e-08,5.742569448854095e-08,5.751159601977352e-08,5.7153853744625426e-08,5.7360514879894825e-08,5.707548450695963e-08,5.756258458075155e-08,5.6577716966993314e-08,7.559351375129059e-08,7.544581568636554e-08,7.512721552033612e-08,7.51411470236207e-08,7.460487967590885e-08,7.492550233972674e-08,7.390246662974176e-08,7.411643921811277e-08,8.544354586768064e-08,8.464245116732811e-08,8.374458699054932e-08,8.389670552289118e-08,8.302370006109633e-08,8.290039279757839e-08,1.3414705981628323e-07,1.3280266863456123e-07,1.3269391199673062e-07,1.3100992790266695e-07,1.310929002686788e-07,1.6004400660012946e-07,1.595585155767761e-07,1.5739954819697772e-07,1.571919472164896e-07,1.4709451290302364e-07,1.4543716441420728e-07,1.4556262479609615e-07,1.8598053791626785e-07,LC_V24_H3p5_T8,1.8598053791626785e-07
85,brace,1.0094880046756515e-08,3.5025733776121657e-09,3.4901522005439584e-09,3.498828502600746e-09,3.4857060997559333e-09,3.5068226718724604e-09,5.061483104803489e-09,5.029622289268505e-09,5.246398865669331e-09,5.061678032187906e-09,5.0282717629239396e-09,5.1496255468487425e-09,5.076891194113668e-09,4.7692562534124205e-09,4.733084733150595e-09,4.944119895350773e-09,4.8196590345647204e-09,4.7114403719495284e-09,4.826670071482878e-09,4.747162868435014e-09,7.020234129804849e-09,7.004824221472034e-09,7.109989311534527e-09,7.033451958232973e-09,7.114813634457867e-09,6.987647926693682e-09,7.089915849617954e-09,7.0110647570917766e-09,1.732706950814394e-08,1.7279502466364684e-08,1.7415513013823623e-08,1.7275578392595374e-08,1.732710569193492e-08,1.7200664047678788e-08,1.7057113628995107e-08,3.3598243543345704e-08,3.364316112460977e-08,3.348569614792383e-08,3.351077046113368e-08,3.332848627691473e-08,3.336816402064844e-08,3.3117078403713124e-08,4.9266430633413584e-08,4.943960724493719e-08,4.920112613635078e-08,4.932780113151999e-08,4.911301002362873e-08,4.9195347671441376e-08,4.8863938321176146e-08,4.887500909813192e-08,5.1720827505284605e-08,5.133323549090293e-08,5.087894205866362e-08,5.079168899928958e-08,5.044447879982814e-08,5.0263686230231865e-08,7.63071126425085e-08,7.569579919464334e-08,7.561299662811472e-08,7.494677842494508e-08,7.484982348121726e-08,9.626254052918466e-08,9.61136728929476e-08,9.504577619526199e-08,9.473521341588918e-08,9.237477229678241e-08,9.140158502221455e-08,9.122396612897137e-08,1.2482596008737915e-07,LC_V24_H3p5_T8,1.2482596008737915e-07
87,brace,8.398516237569515e-09,2.916139156302728e-09,2.915704574960256e-09,2.9092454031364346e-09,2.9078220884346997e-09,2.910356756235491e-09,5.400675330522139e-09,5.372196002980013e-09,5.568085841813539e-09,5.398516262719481e-09,5.368410577200606e-09,5.4774021394030595e-09,5.410064695876117e-09,5.391343339143852e-09,5.358842731312038e-09,5.542510849184922e-09,5.428699921349757e-09,5.334685836605122e-09,5.4305509505022805e-09,5.3592373441236475e-09,7.603196960188813e-09,7.581096970363465e-09,7.723164470430312e-09,7.633973825914712e-09,7.735822552893916e-09,7.588454619418668e-09,7.715374486795974e-09,7.626360603328466e-09,1.7509635696035023e-08,1.746386947417743e-08,1.7609237495820852e-08,1.7458809322204014e-08,1.7527023445429907e-08,1.7393859740272853e-08,1.7242813535794202e-08,3.150243212285661e-08,3.158572387899199e-08,3.1427998800654196e-08,3.1468608033587466e-08,3.129530351234407e-08,3.1328577498587055e-08,3.109909134285011e-08,4.470720651617566e-08,4.479222413382985e-08,4.462004254199809e-08,4.465631970356923e-08,4.443961364386054e-08,4.446414166590395e-08,4.4197793567974244e-08,4.4171019998644184e-08,4.8437310248777155e-08,4.806103015221323e-08,4.7627120154078336e-08,4.753652135333414e-08,4.721321674011961e-08,4.704451078751399e-08,7.096980241866204e-08,7.036831662840809e-08,7.018686762490982e-08,6.956787366230818e-08,6.938762829936887e-08,9.133490819323033e-08,9.084256055060704e-08,8.995445643307677e-08,8.95373951140754e-08,8.904380668082437e-08,8.818586873040281e-08,8.783241141741722e-08,1.2259151994832257e-07,LC_V24_H3p5_T8,1.2259151994832257e-07
89,brace,8.527917299581224e-09,3.4677249464188084e-09,3.472460496494581e-09,3.457105826682486e-09,3.4613467441537857e-09,3.4542494473427617e-09,5.771478423710516e-09,5.743397411359402e-09,5.942236655644291e-09,5.769275470218384e-09,5.739142532236804e-09,5.849322317480291e-09,5.781015091226742e-09,5.62610729422374e-09,5.5944192134934805e-09,5.789309737424391e-09,5.66839102584232e-09,5.5709472554337995e-09,5.674105878771267e-09,5.59949602010069e-09,7.722223385756969e-09,7.707186014695212e-09,7.81223447586372e-09,7.737501563520506e-09,7.81970230841119e-09,7.695428985646682e-09,7.798189744107332e-09,7.721073051464281e-09,1.8453416815364037e-08,1.8394068364988586e-08,1.860956875933345e-08,1.8435527874683992e-08,1.854074736215096e-08,1.841503118311834e-08,1.8247455698332565e-08,3.4840788350787e-08,3.496892617661979e-08,3.477970466928029e-08,3.486506018942408e-08,3.4684355576954406e-08,3.4774636914042037e-08,3.446873329512026e-08,4.9448675618942433e-08,4.950915879542991e-08,4.932328863263883e-08,4.933683994737834e-08,4.909850294365897e-08,4.9118369984741736e-08,4.884073033713264e-08,4.880034624319902e-08,5.3520231902832066e-08,5.316551980551402e-08,5.276930046552154e-08,5.26814536140304e-08,5.2383692425349746e-08,5.221781866435193e-08,8.123414019545018e-08,8.050783095490532e-08,8.019670022070068e-08,7.946067402485301e-08,7.920524241782493e-08,1.019025572622972e-07,1.0130625394625401e-07,1.0026149262092324e-07,9.975654331610549e-08,1.0084339417711897e-07,9.993779817555842e-08,9.964750418379628e-08,1.4076977679485012e-07,LC_V24_H3p5_T8,1.4076977679485012e-07
91,brace,1.0388198865146656e-08,3.158303037071748e-09,3.1386242289249875e-09,3.1568021249256625e-09,3.1366761711772435e-09,3.1683927608668894e-09,4.332831896429584e-09,4.301077847089924e-09,4.516330752968553e-09,4.333520661202374e-09,4.300574393037684e-09,4.42243749392548e-09,4.349527080708524e-09,4.346145239649934e-09,4.307422989828721e-09,4.530069372233643e-09,4.3985754237346446e-09,4.288331727024275e-09,4.407858703735998e-09,4.32544355678716e-09,5.9560456901822125e-09,5.938549182040257e-09,6.06249200912089e-09,5.9817698952814984e-09,6.0823069673194735e-09,5.9404758791919335e-09,6.06351725351188e-09,5.9716170261647964e-09,1.6069861358940726e-08,1.602223220729862e-08,1.615278336785272e-08,1.601238854133111e-08,1.606450657572697e-08,1.592948940873512e-08,1.5791278756699985e-08,2.987666416340237e-08,3.0044111119366874e-08,2.9833240755024255e-08,2.993941169314005e-08,2.976272781357699e-08,2.984345708445458e-08,2.9551320714600412e-08,4.4616806398400054e-08,4.473699859083874e-08,4.453488967072525e-08,4.459251651474166e-08,4.4360809335879465e-08,4.440111512197993e-08,4.410569741168636e-08,4.4070225034583904e-08,4.673667373348334e-08,4.6383903381687286e-08,4.5955661629040534e-08,4.592004834938804e-08,4.54986776932494e-08,4.5384550926037525e-08,6.863008163174129e-08,6.795903071725357e-08,6.788909216183929e-08,6.710380572151432e-08,6.701023996901134e-08,8.740305373237498e-08,8.722803670742015e-08,8.613103743518039e-08,8.584405943769018e-08,8.599564181905023e-08,8.505947293417484e-08,8.478802919726523e-08,1.1718711625912364e-07,LC_V24_H3p5_T8,1.1718711625912364e-07
93,brace,9.16823453717603e-09,1.7581798796477566e-09,1.7406167026830924e-09,1.7550551436100604e-09,1.7361914478314712e-09,1.7617559801827563e-09,2.8223009842066074e-09,2.7983511425152384e-09,2.938214446966309e-09,2.8167231770723322e-09,2.7939679927266185e-09,2.8711067401283718e-09,2.824264546036214e-09,5.1989850769097025e-09,5.16741893661186e-09,5.310889000061236e-09,5.207344832155043e-09,5.119589047069157e-09,5.182986311470637e-09,5.117821317467332e-09,6.8355911766687955e-09,6.8148493789412035e-09,6.924315006196155e-09,6.845510668923495e-09,6.921035070653629e-09,6.784451993976245e-09,6.887055628214966e-09,6.803783233980302e-09,4.516517371597798e-08,4.5078700823021125e-08,4.488890489782329e-08,4.466248306925845e-08,4.4315801250315717e-08,4.3624120968338004e-08,4.3364166175249407e-08,6.020119317270266e-08,6.000953707779182e-08,5.965527395982084e-08,5.9344898286354854e-08,5.860169442963305e-08,5.827910358347033e-08,5.7778957533426794e-08,8.310717897426073e-08,8.28124674731836e-08,8.2377079090809e-08,8.19444484655395e-08,8.092694239731587e-08,8.046300374271682e-08,7.985544999993798e-08,7.926646331140644e-08,9.016753224450026e-08,8.892630854036213e-08,8.758216916501768e-08,8.709438686379341e-08,8.646453227991449e-08,8.561486095776137e-08,1.43220018421569e-07,1.412372010836681e-07,1.4027082997279753e-07,1.3815365700302386e-07,1.371662447781736e-07,1.667638578309742e-07,1.6565181341202217e-07,1.6284496380782106e-07,1.615103394666385e-07,1.4955291667116707e-07,1.4742692209328657e-07,1.464871774599258e-07,1.8451385475698051e-07,LC_V24_H3p5_T8,1.8451385475698051e-07
95,brace,7.1911045315288666e-09,1.486076805049955e-09,1.4839161294671225e-09,1.4781151565175775e-09,1.4758363542685332e-09,1.4762711212113327e-09,3.8967226778683304e-09,3.877343485831743e-09,3.992956676511498e-09,3.888487813921177e-09,3.869976852668624e-09,3.930903362263313e-09,3.890709128322224e-09,6.489955518066924e-09,6.464408803027623e-09,6.5689201284965865e-09,6.483998910518074e-09,6.410258871443215e-09,6.451614230888293e-09,6.3960668037851045e-09,8.501485852461757e-09,8.478476833579714e-09,8.59394786991969e-09,8.513793283146684e-09,8.588961315888954e-09,8.451683374153513e-09,8.553828233851592e-09,8.473059917574574e-09,4.7094062741878655e-08,4.70162275503296e-08,4.678073768010604e-08,4.6585971824583734e-08,4.62111310865443e-08,4.554022331916674e-08,4.528990823076299e-08,6.284905480200305e-08,6.25602773956009e-08,6.224930095235176e-08,6.186304554238537e-08,6.112141641050224e-08,6.073235656475922e-08,6.03088199249841e-08,8.584192830428107e-08,8.538539060783858e-08,8.50365759809648e-08,8.447028549484824e-08,8.343822272512863e-08,8.285753792655204e-08,8.237373451724851e-08,8.171210391418552e-08,9.534822004901506e-08,9.40938412820005e-08,9.278465688930442e-08,9.200432993451964e-08,9.145834243432645e-08,9.061224906153191e-08,1.5261701465605623e-07,1.5064195026785494e-07,1.49595657838229e-07,1.475150497036865e-07,1.464590069536461e-07,1.7651120771430026e-07,1.7529738497818044e-07,1.7257429853855558e-07,1.712183556456548e-07,1.6016031176586325e-07,1.5805801231654975e-07,1.5711253932432757e-07,2.061302653997372e-07,LC_V24_H3p5_T8,2.061302653997372e-07
97,brace,7.739757037370993e-09,1.8373177536775978e-09,1.8351595335560888e-09,1.827685088637964e-09,1.82572121893877e-09,1.8239544074955906e-09,4.0240669986313544e-09,4.0033524477325865e-09,4.128904766512163e-09,4.01367006552816e-09,3.993437257145262e-09,4.058495424809002e-09,4.014426753931961e-09,6.124006595000094e-09,6.100656132294342e-09,6.200952388405835e-09,6.1131391811099464e-09,6.045734849564124e-09,6.078495731161593e-09,6.026968334531799e-09,8.234350914537387e-09,8.212224917009394e-09,8.333253090022341e-09,8.249007478633077e-09,8.33114945239326e-09,8.190771126555661e-09,8.29877394028955e-09,8.214136653057527e-09,3.827424807570886e-08,3.821212980969494e-08,3.802398853923366e-08,3.78355247966733e-08,3.754437443874119e-08,3.697184413258082e-08,3.6744812082358736e-08,5.4092648155774044e-08,5.399267194655577e-08,5.366673836171581e-08,5.344526030514286e-08,5.2829796694440926e-08,5.2586838691789484e-08,5.216242005604323e-08,7.452209208247069e-08,7.43407615040865e-08,7.399232849026431e-08,7.3681724606138e-08,7.289627253862109e-08,7.254058534898416e-08,7.207709688371136e-08,7.162522562060629e-08,8.460934179956226e-08,8.363886517320197e-08,8.260225403544631e-08,8.203593780356933e-08,8.153389248056868e-08,8.0863902682618e-08,1.2910671085206011e-07,1.2749498183226088e-07,1.2671652603655266e-07,1.2502405841663083e-07,1.2421488617122667e-07,1.5906284189485289e-07,1.580445229256062e-07,1.559338926317007e-07,1.5489495409775057e-07,1.4696194700132127e-07,1.4524175187096213e-07,1.4444590519523855e-07,1.9486756265185175e-07,LC_V24_H3p5_T8,1.9486756265185175e-07
99,brace,8.566919004909283e-09,1.8871624726003167e-09,1.870854032800758e-09,1.8827088687303834e-09,1.866617771972877e-09,1.8869721356036374e-09,3.332640964225642e-09,3.3113809347213745e-09,3.4401592229207963e-09,3.326752262082853e-09,3.3060789183069693e-09,3.3757240145600687e-09,3.332611466484451e-09,5.106199055606149e-09,5.080391157277315e-09,5.194361951940767e-09,5.10373163127796e-09,5.029635269404409e-09,5.07419963036545e-09,5.018484605262495e-09,7.2844498178842085e-09,7.265248890249028e-09,7.3693328039308705e-09,7.292884123339863e-09,7.365727796651713e-09,7.239590719606278e-09,7.336302696193388e-09,7.260170394521115e-09,3.717287633464667e-08,3.7113772130729845e-08,3.688119099934353e-08,3.672533785927676e-08,3.6411538072754195e-08,3.585623736081244e-08,3.564591519740626e-08,5.2001956201571366e-08,5.1765502426495265e-08,5.1484845611325014e-08,5.1150204968326765e-08,5.052721513930155e-08,5.026859504988458e-08,4.9907887152353235e-08,7.261120907072473e-08,7.243967317538022e-08,7.206120447437331e-08,7.175851217489853e-08,7.095477270905281e-08,7.059543515130323e-08,7.013352756081234e-08,6.967416557905656e-08,8.017693553838676e-08,7.913749982861223e-08,7.808665176905463e-08,7.747895024540051e-08,7.695506084148355e-08,7.633494301764397e-08,1.2558305548811643e-07,1.2375355961334595e-07,1.2280232271129448e-07,1.2088157505283374e-07,1.1986264081835348e-07,1.5188890741761548e-07,1.508274332499737e-07,1.4823448248916153e-07,1.4734693099388142e-07,1.3734911353416543e-07,1.3539881305885287e-07,1.345811239296264e-07,1.7442929991168092e-07,LC_V24_H3p5_T8,1.7442929991168092e-07
