node,sub_joint_id,plane_id,family,type_label,brace_member,brace_end,chord_t_scenario,direction,treatment,environment,category,D_life,D_life_seed_std,D_life_min,D_life_max,life_years,worst_side,worst_position,worst_segment,n_bins_used
3,"(3, 1)",1,TY,T,33,2,single,,TY,seawater_cp,T,0.05974106191774423,0.005479540077818666,0.031055890649517703,0.1004122409943235,418.47264172206695,chord,7,,69
3,"(3, 0)",0,TY,T,36,2,single,,TY,seawater_cp,T,0.008675837093150295,0.0009084449448970615,0.004079330775195633,0.01531455678368309,2881.5663239847922,chord,7,,69
4,"(4, 0)",0,TY,Y,37,1,single,,TY,seawater_cp,T,0.04813555272145196,0.0046792500831096245,0.023670246452483414,0.08339396915120616,519.3666341522774,chord,7,,69
4,"(4, 1)",1,TY,Y,45,1,single,,TY,seawater_cp,T,0.4591035779184835,0.04251964110237963,0.22565121651686737,0.7743672645876588,54.453942862625425,chord,7,,69
5,"(5, 0)",0,K,K,40,2,thick,,K,seawater_cp,T,0.09523313952871273,0.008909608280617258,0.0531608431590755,0.16421646694306874,262.5136598847769,chord,3,,69
5,"(5, 0)",0,K,K,40,2,thin,,K,seawater_cp,T,2.7622949726352255,0.23503366786935195,1.5463147583342836,4.60724656589876,9.05044546207534,chord,3,,69
5,"(5, 0)",0,K,K,40,2,thick,,Y,seawater_cp,T,0.729517042163845,0.08158849262340986,0.4011250629169621,1.3485641806624895,34.26924739941189,chord,3,,69
5,"(5, 0)",0,K,K,40,2,thin,,Y,seawater_cp,T,17.265536539143575,1.46735115730828,10.294672668213048,28.85094396399448,1.4479712196213093,chord,3,,69
5,"(5, 1)",1,K,K,48,2,thick,,K,seawater_cp,T,0.18424056051850526,0.01635358939452584,0.09465349243712008,0.3119381106269648,135.69216208224128,brace,5,b,69
5,"(5, 1)",1,K,K,48,2,thin,,K,seawater_cp,T,1.780758826832733,0.1656112679871339,0.9265263525645098,3.0362699074876884,14.038958910828555,chord,3,,69
5,"(5, 1)",1,K,K,48,2,thick,,Y,seawater_cp,T,2.6039955975341966,0.23359589841638853,1.3839614430227785,4.4159957268137076,9.60063067067904,chord,3,,69
5,"(5, 1)",1,K,K,48,2,thin,,Y,seawater_cp,T,46.82878250632182,3.276690342768275,27.612394917639964,72.82745016814847,0.5338597046939034,chord,3,,69
5,"(5, 0)",0,K,K,53,1,thick,,K,seawater_cp,T,0.04861052351320823,0.0042553799550373046,0.027244354088728297,0.08193659632247036,514.2919309068358,brace,2,b,69
5,"(5, 0)",0,K,K,53,1,thin,,K,seawater_cp,T,1.1553062533511542,0.10031507617989645,0.6474314430818757,1.9318220910855946,21.63928389332562,chord,3,,69
5,"(5, 0)",0,K,K,53,1,thick,,Y,seawater_cp,T,0.18539329629353093,0.02227257566815409,0.10179157387799921,0.3530703522674978,134.84845730569356,chord,3,,69
5,"(5, 0)",0,K,K,53,1,thin,,Y,seawater_cp,T,4.769719853676972,0.4924708632283618,2.706552261332735,8.60175836887671,5.241397978694184,chord,3,,69
5,"(5, 1)",1,K,K,61,1,thick,,K,seawater_cp,T,0.08473535158866546,0.007289884984832406,0.0433679381631194,0.1396170029083975,295.03624557266954,brace,5,a,69
5,"(5, 1)",1,K,K,61,1,thin,,K,seawater_cp,T,1.5475680609384528,0.13907923242294404,0.709849623954081,2.586766691696254,16.154378363714667,chord,7,,69
5,"(5, 1)",1,K,K,61,1,thick,,Y,seawater_cp,T,1.3050944992817164,0.11976346964731976,0.6434173104616154,2.2134750293751173,19.155700996180144,chord,7,,69
5,"(5, 1)",1,K,K,61,1,thin,,Y,seawater_cp,T,26.026590470072907,1.983716164668398,13.87158143685961,41.376678168545425,0.9605560908466536,chord,7,,69
8,"(8, 0)",0,TY,T,33,1,single,,TY,seawater_cp,T,0.05955752772857291,0.005263595780199466,0.031856644192517554,0.10010811838728848,419.7622190419797,chord,3,,69
8,"(8, 1)",1,TY,T,34,2,single,,TY,seawater_cp,T,0.010999120542266528,0.0011458340404410232,0.005584365676679061,0.019137240140575905,2272.9089933992477,chord,3,,69
9,"(9, 1)",1,TY,Y,41,1,single,,TY,seawater_cp,T,0.05857405532785173,0.0061443169373134685,0.029867439135606737,0.1028091735955113,426.8101271129267,chord,7,,69
9,"(9, 0)",0,TY,Y,47,1,single,,TY,seawater_cp,T,0.4837355664335827,0.04311987263562461,0.25421965735688556,0.8203528021777537,51.681128564344505,chord,7,,69
10,"(10, 1)",1,K,K,44,2,thick,,K,seawater_cp,T,0.08691499649865822,0.0076150583766448985,0.04489595341206839,0.14318281345508654,287.63735842048783,chord,3,,69
10,"(10, 1)",1,K,K,44,2,thin,,K,seawater_cp,T,2.5677293908351495,0.21628702710916828,1.3362338354276915,4.166728694086498,9.736228470660139,chord,3,,69
10,"(10, 1)",1,K,K,44,2,thick,,Y,seawater_cp,T,0.6528951188368326,0.06356419724639877,0.32504482784750155,1.1350458635198908,38.290989285597405,chord,3,,69
10,"(10, 1)",1,K,K,44,2,thin,,Y,seawater_cp,T,15.767193035953339,1.298998127860397,8.41317220822159,25.919659465018345,1.5855707444561271,chord,3,,69
10,"(10, 0)",0,K,K,46,2,thick,,K,seawater_cp,T,0.13974139514599332,0.012949097336419352,0.07030145250480792,0.23765791877506645,178.90189212639189,brace,1,a,69
10,"(10, 0)",0,K,K,46,2,thin,,K,seawater_cp,T,1.566280910305707,0.13956169660454454,0.7905828006342275,2.5606825388025483,15.961376937883063,chord,7,,69
10,"(10, 0)",0,K,K,46,2,thick,,Y,seawater_cp,T,2.4052524533003035,0.21959776552046967,1.2123945613138225,4.0546816196340565,10.393919343350804,chord,7,,69
10,"(10, 0)",0,K,K,46,2,thin,,Y,seawater_cp,T,43.63676494826239,3.1432248562571186,24.619333842374743,68.02003558053434,0.5729113977546472,chord,7,,69
10,"(10, 1)",1,K,K,57,1,thick,,K,seawater_cp,T,0.036514978891774394,0.003152350667036535,0.018480088954560655,0.05745577262463578,684.6505395524592,brace,4,a,69
10,"(10, 1)",1,K,K,57,1,thin,,K,seawater_cp,T,1.133014941420792,0.09297636672163032,0.5977990774828745,1.8163992526683115,22.06502234529246,chord,3,,69
10,"(10, 1)",1,K,K,57,1,thick,,Y,seawater_cp,T,0.17673210310737814,0.017742907518860276,0.08638373524439674,0.305842672638752,141.45703898974486,chord,7,,69
10,"(10, 1)",1,K,K,57,1,thin,,Y,seawater_cp,T,4.525486878317609,0.411199924827379,2.3074765323811786,7.57971836713445,5.524267481534269,chord,7,,69
10,"(10, 0)",0,K,K,63,1,thick,,K,seawater_cp,T,0.10413718541942443,0.01007325572945195,0.049488722634283576,0.17802335608253408,240.06794402316174,brace,1,b,69
10,"(10, 0)",0,K,K,63,1,thin,,K,seawater_cp,T,1.8451028258999473,0.16080450669073706,0.9628931718192116,3.0798846578394388,13.549380364645137,chord,7,,69
10,"(10, 0)",0,K,K,63,1,thick,,Y,seawater_cp,T,1.372469567891158,0.12292047105787561,0.7122506079246368,2.333668107182006,18.215340132031688,chord,7,,69
10,"(10, 0)",0,K,K,63,1,thin,,Y,seawater_cp,T,27.662807200800657,2.046772798820643,15.624352265523797,44.05565713872702,0.9037405285200562,chord,7,,69
13,"(13, 1)",1,TY,T,34,1,single,,TY,seawater_cp,T,0.010194749208422817,0.0010250215515982936,0.004932566715917966,0.01788926662616817,2452.242766241391,chord,3,,69
13,"(13, 0)",0,TY,T,35,1,single,,TY,seawater_cp,T,0.04867088887046587,0.004228488826259801,0.025314278064922386,0.07875943360201909,513.6540667366017,chord,7,,69
14,"(14, 0)",0,TY,Y,43,1,single,,TY,seawater_cp,T,0.05620325430335087,0.005293898504013682,0.028169092969323253,0.09652754160329079,444.814100355564,chord,7,,69
14,"(14, 1)",1,TY,Y,51,1,single,,TY,seawater_cp,T,0.3718697196503406,0.0336210266443473,0.18329047288532838,0.6080330646571913,67.22784534193009,chord,7,,69
15,"(15, 1)",1,K,K,42,2,thick,,K,seawater_cp,T,0.09023317220587046,0.008154588011799926,0.04714034516994954,0.14885551946011832,277.05997017329213,chord,3,,69
15,"(15, 1)",1,K,K,42,2,thin,,K,seawater_cp,T,2.618594579077266,0.22369970514089824,1.3890328872253497,4.250013864282744,9.547105993326175,chord,3,,69
15,"(15, 1)",1,K,K,42,2,thick,,Y,seawater_cp,T,0.7085753099366968,0.0718308509968411,0.3597962247849853,1.2163170945985535,35.28206479877695,chord,3,,69
15,"(15, 1)",1,K,K,42,2,thin,,Y,seawater_cp,T,16.66914469144799,1.3509350773314979,9.293965785313882,26.501305114988533,1.4997770109240283,chord,3,,69
15,"(15, 0)",0,K,K,50,2,thick,,K,seawater_cp,T,0.1554732073139399,0.013772004610713717,0.07729152205613024,0.2549670804585359,160.7994099556887,brace,5,b,69
15,"(15, 0)",0,K,K,50,2,thin,,K,seawater_cp,T,1.4856079606138295,0.13405943910250867,0.7537982364497913,2.430333683452062,16.828127381378867,chord,3,,69
15,"(15, 0)",0,K,K,50,2,thick,,Y,seawater_cp,T,2.110472811828328,0.18152167997933377,1.102009884106149,3.409229665603539,11.845686833720546,chord,3,,69
15,"(15, 0)",0,K,K,50,2,thin,,Y,seawater_cp,T,38.54280762029341,2.614140252864171,22.457081168013747,57.62892874811551,0.6486294471925573,chord,3,,69
15,"(15, 1)",1,K,K,59,1,thick,,K,seawater_cp,T,0.04464599898434237,0.003955656596729414,0.02386248992736013,0.07344048130121311,559.9605915138701,brace,2,b,69
15,"(15, 1)",1,K,K,59,1,thin,,K,seawater_cp,T,1.1064401006559774,0.09425978580323406,0.5842235294745215,1.7857296638502038,22.59498727963511,chord,3,,69
15,"(15, 1)",1,K,K,59,1,thick,,Y,seawater_cp,T,0.18324657797452368,0.019269451591109554,0.09225938130698032,0.3180839721718712,136.42819569310424,chord,3,,69
15,"(15, 1)",1,K,K,59,1,thin,,Y,seawater_cp,T,4.662094212122148,0.4408162419480609,2.4151625308745017,7.813379416436116,5.362396996396218,chord,3,,69
15,"(15, 0)",0,K,K,67,1,thick,,K,seawater_cp,T,0.07511969433765851,0.006534950999129808,0.037346697142137765,0.121793071711299,332.80220613819995,brace,5,a,69
15,"(15, 0)",0,K,K,67,1,thin,,K,seawater_cp,T,1.3169673824078507,0.1213384620330586,0.5705921676427701,2.1522796587168274,18.983006211051148,chord,7,,69
15,"(15, 0)",0,K,K,67,1,thick,,Y,seawater_cp,T,1.0588939576167593,0.09611657450669285,0.5127441584732636,1.7256820066361653,23.609540710069986,chord,7,,69
15,"(15, 0)",0,K,K,67,1,thin,,Y,seawater_cp,T,21.42680670263579,1.628959299830385,11.133238288996214,32.84222905437455,1.1667627541030021,chord,7,,69
18,"(18, 1)",1,TY,T,35,2,single,,TY,seawater_cp,T,0.04876998828437741,0.004111891376085209,0.025980576533019314,0.07891019262922673,512.610334335641,chord,3,,69
18,"(18, 0)",0,TY,T,36,1,single,,TY,seawater_cp,T,0.011180253152244244,0.0012819962720507436,0.006046335193418235,0.020869898644735877,2236.085324685307,chord,3,,69
19,"(19, 1)",1,TY,Y,39,1,single,,TY,seawater_cp,T,0.05858073325970886,0.006774945944231553,0.03160918777900659,0.10991100255418798,426.76147273825103,chord,7,,69
19,"(19, 0)",0,TY,Y,49,1,single,,TY,seawater_cp,T,0.39608343923278916,0.03427406782867906,0.2055995036337978,0.6464848419062986,63.11801384179259,chord,7,,69
20,"(20, 0)",0,K,K,38,2,thick,,K,seawater_cp,T,0.07636438091631034,0.006863996480704971,0.035509407872728035,0.12757977720205219,327.37776041683793,chord,3,,69
20,"(20, 0)",0,K,K,38,2,thin,,K,seawater_cp,T,2.2897890261327443,0.1952627351340458,1.0922775679504824,3.763447051022112,10.91803642810833,chord,3,,69
20,"(20, 0)",0,K,K,38,2,thick,,Y,seawater_cp,T,0.5482727347401082,0.05479850678726275,0.24621343808236426,0.943823192567887,45.59774436321456,chord,3,,69
20,"(20, 0)",0,K,K,38,2,thin,,Y,seawater_cp,T,13.28794706709263,1.1078949856554046,6.472881544860245,21.457725258031957,1.8814042435427867,chord,3,,69
20,"(20, 1)",1,K,K,52,2,thick,,K,seawater_cp,T,0.11638119221280147,0.010917247487229793,0.05698153027274744,0.1943408278014952,214.811341288615,brace,1,a,69
20,"(20, 1)",1,K,K,52,2,thin,,K,seawater_cp,T,1.2917946699602039,0.10945387611936715,0.644719976505002,2.0340447546183626,19.35292084830337,chord,7,,69
20,"(20, 1)",1,K,K,52,2,thick,,Y,seawater_cp,T,1.9250515586914312,0.16791588396842197,0.9733078718970333,3.0950841236711506,12.986665155604427,chord,7,,69
20,"(20, 1)",1,K,K,52,2,thin,,Y,seawater_cp,T,35.58675094059577,2.4784784218765323,20.070921810106093,53.38208846900305,0.7025086398511622,chord,7,,69
20,"(20, 0)",0,K,K,55,1,thick,,K,seawater_cp,T,0.03396869510521908,0.003109481971473634,0.017574455086895313,0.056493822269092386,735.9717505356545,chord,7,,69
20,"(20, 0)",0,K,K,55,1,thin,,K,seawater_cp,T,1.0724566256581147,0.09503430351212626,0.5525055397981924,1.8025575457017937,23.3109660585655,chord,7,,69
20,"(20, 0)",0,K,K,55,1,thick,,Y,seawater_cp,T,0.15716145046746338,0.01823789311480626,0.07852901788722534,0.2891420678784173,159.07208749753596,chord,7,,69
20,"(20, 0)",0,K,K,55,1,thin,,Y,seawater_cp,T,4.045447509457976,0.40870802817801977,2.0802904186706277,7.0395723311567995,6.179786028999692,chord,7,,69
20,"(20, 1)",1,K,K,65,1,thick,,K,seawater_cp,T,0.091004553518472,0.00899099947338246,0.0414254077879937,0.15595849699880346,274.7115285272569,brace,1,b,69
20,"(20, 1)",1,K,K,65,1,thin,,K,seawater_cp,T,1.6239039147379948,0.14220109724880367,0.8026390160189684,2.6177415139921725,15.394999527440373,chord,7,,69
20,"(20, 1)",1,K,K,65,1,thick,,Y,seawater_cp,T,1.1238236789971423,0.09916968598670971,0.5653513028365357,1.8245148828941544,22.245482514044422,chord,7,,69
20,"(20, 1)",1,K,K,65,1,thin,,Y,seawater_cp,T,22.944650369192956,1.6844925720410213,12.489699237772543,34.699357328799344,1.0895785988339441,chord,7,,69
21,"(21, 0)",0,K,K,56,2,single,,K,seawater_cp,T,0.195938991389722,0.021177396025132706,0.11124733196335228,0.3577163567139989,127.59073537474265,chord,3,,69
21,"(21, 0)",0,K,K,56,2,single,,Y,seawater_cp,T,1.3582495102870884,0.16591072497959156,0.737043138627144,2.598710327047711,18.40604381643829,chord,3,,69
21,"(21, 1)",1,K,K,64,2,single,,K,seawater_cp,T,0.34936418527170926,0.03216700517636667,0.1706960644421209,0.5762930784677095,71.55856568570952,chord,7,,69
21,"(21, 1)",1,K,K,64,2,single,,Y,seawater_cp,T,8.939521787611989,0.7692487285869406,4.604244536586712,14.816734182584346,2.796570173881554,chord,3,,69
21,"(21, 0)",0,K,K,69,1,single,,K,seawater_cp,T,0.05514543343062381,0.0050258983851342535,0.027800754583534745,0.09000950292005935,453.3466951792385,chord,7,,69
21,"(21, 0)",0,K,K,69,1,single,,Y,seawater_cp,T,0.5208370729386657,0.058817403352029826,0.2611569460949905,0.9241335700384254,47.9996553604471,chord,7,,69
21,"(21, 1)",1,K,K,77,1,single,,K,seawater_cp,T,0.16238424477579438,0.013782945353582753,0.0838698408692197,0.27151629903251867,153.95582271246673,chord,7,,69
21,"(21, 1)",1,K,K,77,1,single,,Y,seawater_cp,T,3.352999398328077,0.3030438045996425,1.7124076244793298,5.782933028097357,7.456010881620163,chord,7,,69
22,"(22, 0)",0,K,K,72,2,single,,K,free_corrosion,T,2.80589369347019,0.12530714775780158,1.995999471379357,3.953220719353341,8.909817238685633,chord,3,,69
22,"(22, 0)",0,K,K,72,2,single,,Y,free_corrosion,T,7.551284381948628,0.3780524156141548,5.446498781460057,10.893204674229821,3.3106950732464253,chord,3,,69
22,"(22, 1)",1,K,K,80,2,single,,K,free_corrosion,T,3.6879999600024083,0.18032174781276658,2.4940920096320713,5.143148452835989,6.778741939027482,chord,3,,69
22,"(22, 1)",1,K,K,80,2,single,,Y,free_corrosion,T,19.925460046867038,0.9563008524448129,13.658235716033797,27.968878627705077,1.254676175164691,chord,3,,69
22,"(22, 0)",0,K,K,85,1,single,,K,free_corrosion,T,2.669498117817319,0.1134669816717428,1.8044573353677238,3.588731835014232,9.365056237777358,chord,7,,69
22,"(22, 0)",0,K,K,85,1,single,,Y,free_corrosion,T,7.671518645480108,0.34839538075168797,5.288861568275758,10.413424645152487,3.258807174343434,chord,7,,69
22,"(22, 1)",1,K,K,93,1,single,,K,free_corrosion,T,3.7365479381647435,0.17216509194265947,2.486898659114752,5.128219510386191,6.690667539589788,chord,7,,69
22,"(22, 1)",1,K,K,93,1,single,,Y,free_corrosion,T,17.35824752917855,0.81257544129033,11.754980439827325,24.06411745271511,1.4402375561228724,chord,7,,69
23,"(23, 0)",0,TY,Y,88,2,single,,TY,air,T,0.30813625767132125,0.03455857375586994,0.15520928737446005,0.5582642391742055,81.13293835958335,chord,7,,69
23,"(23, 1)",1,TY,Y,96,2,single,,TY,air,T,1.915588069662646,0.1592476173600127,1.0212723250117768,3.1964507350177986,13.05082256249526,chord,7,,69
25,"(25, 1)",1,K,K,60,2,single,,K,seawater_cp,T,0.1836038956473329,0.01660925577528347,0.09694014186233274,0.3119871546722913,136.16268822541815,chord,3,,69
25,"(25, 1)",1,K,K,60,2,single,,Y,seawater_cp,T,1.3631717902326825,0.1416061025924844,0.6635554501584475,2.415132429104936,18.339581393283307,chord,3,,69
25,"(25, 0)",0,K,K,62,2,single,,K,seawater_cp,T,0.3837821143776067,0.034043954054254776,0.19896499685831895,0.6489299671822841,65.14112842528736,chord,7,,69
25,"(25, 0)",0,K,K,62,2,single,,Y,seawater_cp,T,9.329426130954221,0.7809785515688304,4.9644994484665785,15.547554115392613,2.6796932254013117,chord,7,,69
25,"(25, 1)",1,K,K,73,1,single,,K,seawater_cp,T,0.062257975560536916,0.005866542459271674,0.03221026149251103,0.10200320371375188,401.55497789501845,chord,7,,69
25,"(25, 1)",1,K,K,73,1,single,,Y,seawater_cp,T,0.5943692424767363,0.06605776296308263,0.28546811845276515,1.0421950791587449,42.0613958687112,chord,7,,69
25,"(25, 0)",0,K,K,79,1,single,,K,seawater_cp,T,0.1800239129854428,0.01669182660764218,0.09199485494246316,0.3121314237840742,138.87043996217085,chord,7,,69
25,"(25, 0)",0,K,K,79,1,single,,Y,seawater_cp,T,3.5065598651166416,0.32140155496566486,1.8179397316405224,6.0832401182932685,7.129494707533933,chord,7,,69
26,"(26, 1)",1,K,K,76,2,single,,K,free_corrosion,T,2.8480514357467084,0.12107781845352766,1.9759617675509331,3.9308656200950245,8.777931355528853,chord,3,,69
26,"(26, 1)",1,K,K,76,2,single,,Y,free_corrosion,T,7.600006415966081,0.35419273704893633,5.2399431418990465,10.645951264093718,3.2894709072192416,chord,3,,69
26,"(26, 0)",0,K,K,78,2,single,,K,free_corrosion,T,3.4571440766373125,0.16639450579220164,2.264503526084245,4.756125067143185,7.231402407827026,chord,3,,69
26,"(26, 0)",0,K,K,78,2,single,,Y,free_corrosion,T,19.114008701600156,0.9237132456127441,12.822579188998848,26.712823992914146,1.3079412273107887,chord,3,,69
26,"(26, 1)",1,K,K,89,1,single,,K,free_corrosion,T,2.7727077945078342,0.11697960401167441,1.8934173823775886,3.71095157620494,9.01645678261513,chord,7,,69
26,"(26, 1)",1,K,K,89,1,single,,Y,free_corrosion,T,7.898327471216615,0.3541743323859028,5.427261614716292,10.687905316335113,3.1652270801769045,chord,7,,69
26,"(26, 0)",0,K,K,95,1,single,,K,free_corrosion,T,4.087612697342767,0.20083623654946922,2.719834030135608,5.759380300296427,6.1160393244329985,chord,7,,69
26,"(26, 0)",0,K,K,95,1,single,,Y,free_corrosion,T,18.186505655532574,0.8843552646888462,12.230692155910003,25.663427184673107,1.3746456011682855,chord,7,,69
27,"(27, 1)",1,TY,Y,92,2,single,,TY,air,T,0.323370583879887,0.033927682613267895,0.15021670322678699,0.5618295267447799,77.3106808295402,chord,7,,69
27,"(27, 0)",0,TY,Y,94,2,single,,TY,air,T,1.9007858926219374,0.15590274584256203,1.0182009752378391,3.149578526246629,13.152454517386536,chord,7,,69
29,"(29, 1)",1,K,K,58,2,single,,K,seawater_cp,T,0.19539378188973297,0.017942705911799632,0.09916415342702724,0.3215727090280064,127.94675326008229,chord,3,,69
29,"(29, 1)",1,K,K,58,2,single,,Y,seawater_cp,T,1.4706416884949014,0.15736351648228566,0.7328946902518285,2.5670489128224703,16.999382103458352,chord,3,,69
29,"(29, 0)",0,K,K,66,2,single,,K,seawater_cp,T,0.2870902870543255,0.02556478938981602,0.13288927681470072,0.461301074928737,87.08061932889183,chord,7,,69
29,"(29, 0)",0,K,K,66,2,single,,Y,seawater_cp,T,7.184528431974998,0.6061776457478145,3.6053086090796245,11.24146470622289,3.479699501046807,chord,7,,69
29,"(29, 1)",1,K,K,75,1,single,,K,seawater_cp,T,0.05222851400914654,0.004402670252763036,0.028747077947445993,0.08513549635751815,478.66573411646107,chord,7,,69
29,"(29, 1)",1,K,K,75,1,single,,Y,seawater_cp,T,0.5243708158624523,0.05506587990713545,0.25144701309052114,0.9234468579331303,47.67618495106667,chord,7,,69
29,"(29, 0)",0,K,K,83,1,single,,K,seawater_cp,T,0.1380898232414799,0.012078098046662083,0.06538211558490778,0.22205384238663908,181.04158158188167,chord,7,,69
29,"(29, 0)",0,K,K,83,1,single,,Y,seawater_cp,T,2.698524798005301,0.24478389495230807,1.3026807399837783,4.375484859263502,9.264321016608605,chord,7,,69
30,"(30, 1)",1,K,K,74,2,single,,K,free_corrosion,T,3.0036258531577396,0.12169607878499189,2.0781848571581265,3.981265372197166,8.32327367728483,chord,3,,69
30,"(30, 1)",1,K,K,74,2,single,,Y,free_corrosion,T,8.038474317618295,0.3603861159314772,5.63466323564596,10.908706303028449,3.1100429026944014,chord,3,,69
30,"(30, 0)",0,K,K,82,2,single,,K,free_corrosion,T,3.104046388309035,0.15130666955057556,2.1140155976830655,4.324196368813905,8.054003346779568,chord,3,,69
30,"(30, 0)",0,K,K,82,2,single,,Y,free_corrosion,T,16.633257944706028,0.7641657965278682,11.522853372640927,22.617300325693957,1.5030128242529244,chord,3,,69
30,"(30, 1)",1,K,K,91,1,single,,K,free_corrosion,T,2.427375862755993,0.10209716938149482,1.6878681459892038,3.3184408893178357,10.2991878528509,chord,7,,69
30,"(30, 1)",1,K,K,91,1,single,,Y,free_corrosion,T,7.0796690242997915,0.32033344903592076,4.921274610301373,9.807888615757351,3.5312385245965086,chord,7,,69
30,"(30, 0)",0,K,K,99,1,single,,K,free_corrosion,T,3.3757822076495123,0.15046671057315078,2.267449386853747,4.538870772398061,7.405691025727334,chord,7,,69
30,"(30, 0)",0,K,K,99,1,single,,Y,free_corrosion,T,15.200634557277509,0.6770943768171104,10.408488100460207,20.481894317060384,1.6446681818313245,chord,7,,69
31,"(31, 1)",1,TY,Y,90,2,single,,TY,air,T,0.3414262560722422,0.03594771534758649,0.15654210725801807,0.5980301322450361,73.22225386998434,chord,7,,69
31,"(31, 0)",0,TY,Y,98,2,single,,TY,air,T,1.5350479293315358,0.1275589346576655,0.7788884770058433,2.419681775353204,16.286136427601125,chord,7,,69
33,"(33, 0)",0,K,K,54,2,single,,K,seawater_cp,T,0.17513028378907902,0.015980409046187256,0.08690980982754944,0.29308804668346,142.75086786308844,chord,3,,69
33,"(33, 0)",0,K,K,54,2,single,,Y,seawater_cp,T,1.2904427504928258,0.14437255426926976,0.6457374611449637,2.3602209422443075,19.373195742664592,chord,3,,69
33,"(33, 1)",1,K,K,68,2,single,,K,seawater_cp,T,0.3297874965961119,0.029133898894317244,0.1611079386249581,0.5379895041492386,75.8063912611499,chord,7,,69
33,"(33, 1)",1,K,K,68,2,single,,Y,seawater_cp,T,7.638774294419402,0.6327851732697332,3.9385881707757617,12.056627876635847,3.2727763691439407,chord,7,,69
33,"(33, 0)",0,K,K,71,1,single,,K,seawater_cp,T,0.05783084678930075,0.006445902255639816,0.03262822586748796,0.1055271637277005,432.2952435935148,chord,7,,69
33,"(33, 0)",0,K,K,71,1,single,,Y,seawater_cp,T,0.5493739260714523,0.06810614700244817,0.2946019069196124,1.0433168321622415,45.50634606701095,chord,7,,69
33,"(33, 1)",1,K,K,81,1,single,,K,seawater_cp,T,0.15656162238553956,0.014125010202769708,0.07684129606828817,0.25389390097000347,159.6815338208265,chord,7,,69
33,"(33, 1)",1,K,K,81,1,single,,Y,seawater_cp,T,2.857007283206611,0.2598355955947496,1.4091162335696603,4.629196152502174,8.750415214882064,chord,7,,69
34,"(34, 0)",0,K,K,70,2,single,,K,free_corrosion,T,2.938880343032642,0.12390838436584141,1.9884775066090765,3.957894627440528,8.506640993148569,chord,3,,69
34,"(34, 0)",0,K,K,70,2,single,,Y,free_corrosion,T,7.538903850399121,0.3545200456970913,5.1314400363635135,10.46367635960376,3.3161319597777417,chord,3,,69
34,"(34, 1)",1,K,K,84,2,single,,K,free_corrosion,T,3.015307845819306,0.14282589928920747,2.01793044935196,4.141629517303658,8.291027410240135,chord,3,,69
34,"(34, 1)",1,K,K,84,2,single,,Y,free_corrosion,T,16.199740733614743,0.7439113528027206,11.110755280703028,21.94773064511853,1.543234574620356,chord,3,,69
34,"(34, 0)",0,K,K,87,1,single,,K,free_corrosion,T,2.5150867776653816,0.11560024715282938,1.741117081385588,3.541540956706742,9.94001488219271,chord,7,,69
34,"(34, 0)",0,K,K,87,1,single,,Y,free_corrosion,T,7.053879612082843,0.34581017964526456,4.911194795593063,10.098881901693602,3.544148947081065,chord,7,,69
34,"(34, 1)",1,K,K,97,1,single,,K,free_corrosion,T,3.5811731274970784,0.17039438953669536,2.359965023447312,4.908501489251803,6.980952640363628,chord,7,,69
34,"(34, 1)",1,K,K,97,1,single,,Y,free_corrosion,T,15.566149192560962,0.7255771218724634,10.472102852995231,21.16574262505032,1.6060491063485027,chord,7,,69
35,"(35, 0)",0,TY,Y,86,2,single,,TY,air,T,0.3310357006730351,0.03679151507883563,0.164144746746181,0.5902031697129394,75.52055548441456,chord,7,,69
35,"(35, 1)",1,TY,Y,100,2,single,,TY,air,T,1.5294794486681391,0.12567835553773157,0.7828284245828957,2.406289832012611,16.345430480788636,chord,7,,69
37,"(37,)",0,X,X,37,2,single,B_as_chord,X,seawater_cp,T,0.1619007343442146,0.018403550137505765,0.07086196431439495,0.2974105004683206,154.41560596536823,chord,3,,69
37,"(37,)",0,X,X,39,2,single,A_as_chord,X,seawater_cp,T,0.20745406462953161,0.025518869985672987,0.10714801515367661,0.39464659186020196,120.50860533701582,chord,3,,69
38,"(38,)",0,X,X,41,2,single,B_as_chord,X,seawater_cp,T,0.2120232322677154,0.02334594927888169,0.10444172345121679,0.3760170815518525,117.9116068206773,chord,3,,69
38,"(38,)",0,X,X,43,2,single,A_as_chord,X,seawater_cp,T,0.19138280170771596,0.020508497550754224,0.08748645693597681,0.3405376736985318,130.628247558945,chord,3,,69
39,"(39,)",0,X,X,45,2,single,B_as_chord,X,seawater_cp,T,1.7278797043280978,0.15912770960542996,0.8525217445889095,2.9044166334512345,14.468599832140216,chord,3,,69
39,"(39,)",0,X,X,47,2,single,A_as_chord,X,seawater_cp,T,1.8284540487563627,0.16201119473373446,0.9583292545799248,3.0853779153871344,13.67275268252103,chord,3,,69
40,"(40,)",0,X,X,49,2,single,B_as_chord,X,seawater_cp,T,1.5100973776364595,0.13137366908125273,0.7779146794844725,2.4711713739999372,16.55522376916444,chord,3,,69
40,"(40,)",0,X,X,51,2,single,A_as_chord,X,seawater_cp,T,1.4138954923912004,0.12807630121797092,0.6937651917291704,2.316560225357779,17.681646298850307,chord,3,,69
41,"(41,)",0,X,X,53,2,single,B_as_chord,X,seawater_cp,T,1.0208313676514003,0.10731218952235023,0.48869725653945706,1.7934387687252984,24.489843075175912,chord,3,,69
41,"(41,)",0,X,X,55,2,single,A_as_chord,X,seawater_cp,T,1.240732100811508,0.14836434460240236,0.6438037183430699,2.3418639540645874,20.149394042153503,chord,3,,69
42,"(42,)",0,X,X,57,2,single,B_as_chord,X,seawater_cp,T,1.2958230718650547,0.13590506975534936,0.6200605891866655,2.2427388619411155,19.292757277440625,chord,3,,69
42,"(42,)",0,X,X,59,2,single,A_as_chord,X,seawater_cp,T,1.0967598535576226,0.10968716687013196,0.5027705616320975,1.8909216918545764,22.79441567714762,chord,3,,69
43,"(43,)",0,X,X,61,2,single,B_as_chord,X,seawater_cp,T,8.227312935752249,0.6921448932914984,4.137644820132075,13.468850751973271,3.0386591825577827,chord,3,,69
43,"(43,)",0,X,X,63,2,single,A_as_chord,X,seawater_cp,T,8.831912361474348,0.7208581512019069,4.722787349047373,14.559940606509977,2.830644030057681,chord,3,,69
44,"(44,)",0,X,X,65,2,single,B_as_chord,X,seawater_cp,T,7.441600202342714,0.6084863174649979,3.808979317816237,11.736169216712053,3.3594924908932446,chord,3,,69
44,"(44,)",0,X,X,67,2,single,A_as_chord,X,seawater_cp,T,6.861846407174127,0.5771724230423878,3.3460780889176927,10.825152862503836,3.6433342451183774,chord,3,,69
45,"(45,)",0,X,X,69,2,single,B_as_chord,X,free_corrosion,T,4.512987492738114,0.22485331285110094,2.990824925086364,6.343222511883003,5.539567756442425,chord,3,,69
45,"(45,)",0,X,X,71,2,single,A_as_chord,X,free_corrosion,T,4.921861072305892,0.2567755430147671,3.4765784549862375,7.083921948884859,5.079379452757999,chord,3,,69
46,"(46,)",0,X,X,73,2,single,B_as_chord,X,free_corrosion,T,5.0234268667537885,0.242740397445352,3.447298585874282,6.941183181123895,4.976682384978238,chord,3,,69
46,"(46,)",0,X,X,75,2,single,A_as_chord,X,free_corrosion,T,4.695578511663319,0.231624977562576,3.084950931153713,6.540385215900435,5.324157595896363,chord,3,,69
47,"(47,)",0,X,X,77,2,single,B_as_chord,X,free_corrosion,T,16.188137436139854,0.7747640020611065,10.935007325140468,22.58460867698717,1.5443407308976604,chord,3,,69
47,"(47,)",0,X,X,79,2,single,A_as_chord,X,free_corrosion,T,16.79810803158412,0.7934841975331288,11.587767914936306,23.484127097439156,1.4882628420411708,chord,3,,69
48,"(48,)",0,X,X,81,2,single,B_as_chord,X,free_corrosion,T,14.690879848770589,0.6628685896461222,10.16298865955737,19.828276795440992,1.7017360605595133,chord,3,,69
48,"(48,)",0,X,X,83,2,single,A_as_chord,X,free_corrosion,T,14.212089263001808,0.6540375915238814,9.640914452554068,19.178395912575617,1.7590657881021234,chord,3,,69
49,"(49,)",0,X,X,85,2,single,B_as_chord,X,air,T,0.24036553938386818,0.020616835963383356,0.12125232401920584,0.38606089024300194,104.00825369594492,chord,3,,69
49,"(49,)",0,X,X,87,2,single,A_as_chord,X,air,T,0.21685937501379435,0.02035539012683124,0.11838376391981777,0.3708510217881394,115.28208083422614,chord,3,,69
50,"(50,)",0,X,X,89,2,single,B_as_chord,X,air,T,0.254437611696852,0.021726995216724023,0.13187643297282112,0.4040835282569837,98.2559136335004,chord,3,,69
50,"(50,)",0,X,X,91,2,single,A_as_chord,X,air,T,0.21074860516600383,0.01779881787528308,0.11245070487578399,0.3448625297384564,118.62474714984631,chord,3,,69
51,"(51,)",0,X,X,93,2,single,B_as_chord,X,air,T,0.4971486287276518,0.042032283421399,0.25522642435031806,0.8227982886380115,50.286772517068556,chord,3,,69
51,"(51,)",0,X,X,95,2,single,A_as_chord,X,air,T,0.5430278349724097,0.049283263178537776,0.2767758259588404,0.9347795642773796,46.03815567073133,chord,3,,69
52,"(52,)",0,X,X,97,2,single,B_as_chord,X,air,T,0.46347591985793873,0.04097933575775464,0.21987749574322618,0.7456487395736687,53.94023492668792,chord,3,,69
52,"(52,)",0,X,X,99,2,single,A_as_chord,X,air,T,0.4244733714443954,0.03579428410272848,0.2058640784618894,0.6798675587897504,58.89650960890704,chord,3,,69
