rank,bin,Vw_m_s,Hs_m,Tp_s,probability,D_raw,D_weighted,D_weighted_pct,D_raw_pct
1,LC_V18_H2p0_T7,18.0,2.0,7.0,0.02345,2.5864379245018487e-06,0.07975127447144695,6.511423697773158,3.244061680958394
2,LC_V14_H1p5_T6,14.0,1.5,6.0,0.03631,1.6621992765717335e-06,0.07936007384242472,6.47948348034991,2.0848275259811944
3,LC_V16_H2p0_T7,16.0,2.0,7.0,0.03395,1.699043681467716e-06,0.07584676262306449,6.192633419545115,2.1310399329941303
4,LC_V20_H2p5_T7,20.0,2.5,7.0,0.01726,3.2491974979970944e-06,0.07374110257740621,6.020713349155992,4.075333491387926
5,LC_V12_H1p5_T6,12.0,1.5,6.0,0.04857,1.1367650006791014e-06,0.07259914778151333,5.927476575586627,1.4257971335878776
6,LC_V14_H2p0_T7,14.0,2.0,7.0,0.02509,1.666567442919733e-06,0.05498146152513925,4.489051665765804,2.090306335633402
7,LC_V24_H3p5_T8,24.0,3.5,8.0,0.00979,4.1267955429632604e-06,0.05312370666793868,4.337372221368213,5.176068274925047
8,LC_V22_H3p5_T8,22.0,3.5,8.0,0.01116,3.0245336974577584e-06,0.044382866444063224,3.6237119751915996,3.7935470160490636
9,LC_V10_H1p5_T6,10.0,1.5,6.0,0.0472,6.526835089313293e-07,0.04050767936618542,3.3073159659813403,0.818633821078615
10,LC_V18_H2p5_T7,18.0,2.5,7.0,0.01171,2.6220956008898754e-06,0.04037366195069224,3.296373894134337,3.288785623685414
11,LC_V16_H1p5_T6,16.0,1.5,6.0,0.01532,1.699937040097799e-06,0.03424398731885466,2.7959065483532233,2.132160435625085
12,LC_V12_H2p0_T7,12.0,2.0,7.0,0.02097,1.1446805820379017e-06,0.03156279622883263,2.576996301243903,1.4357253185736194
13,LC_V12_H1p0_T5,12.0,1.0,5.0,0.01966,1.129954611904847e-06,0.02921038209534581,2.384929588363387,1.4172551457652844
14,LC_V16_H2p5_T7,16.0,2.5,7.0,0.01226,1.7291089733758464e-06,0.027874402070264828,2.275851306508739,2.1687495801045586
15,LC_V12_H1p0_T6,12.0,1.0,6.0,0.01799,1.1204413110719594e-06,0.026504096355911885,2.1639704474156813,1.4053230075921466
16,LC_V10_H1p0_T6,10.0,1.0,6.0,0.03032,6.359695144775885e-07,0.025354685058263438,2.0701248755223336,0.7976701519220957
17,LC_V20_H3p0_T8,20.0,3.0,8.0,0.00595,3.237434248378553e-06,0.025328568644496167,2.06799255805616,4.0605793358872075
18,LC_V14_H1p0_T5,14.0,1.0,5.0,0.00957,1.6581925527837045e-06,0.020866020199859413,1.7036404660369677,2.0798020587222292
19,LC_V10_H1p0_T5,10.0,1.0,5.0,0.0242,6.431568965398386e-07,0.02046562547889571,1.6709495818871505,0.8066849867703142
20,LC_V18_H3p0_T8,18.0,3.0,8.0,0.00586,2.620468515180096e-06,0.020191532736574473,1.6485708300795274,3.2867448376480892
21,LC_V10_H0p5_T5,10.0,0.5,5.0,0.02282,6.320596159867356e-07,0.018965592214369137,1.5484769040419415,0.792766128612487
22,LC_V20_H2p0_T7,20.0,2.0,7.0,0.00429,3.216937496011571e-06,0.018146490276936815,1.4815999819910186,4.034871110567774
23,LC_V14_H1p0_T6,14.0,1.0,6.0,0.00817,1.6477316821090808e-06,0.017701141516536713,1.4452387515096006,2.0666814230466044
24,LC_V12_H0p5_T5,12.0,0.5,5.0,0.01181,1.1196361110307986e-06,0.017386794459476034,1.4195733701067867,1.40431307861829
25,LC_V20_H3p5_T8,20.0,3.5,8.0,0.00401,3.292983617002721e-06,0.017363076073565527,1.4176368435607953,4.130252602138051
26,LC_V14_H2p5_T7,14.0,2.5,7.0,0.00768,1.699902643930903e-06,0.01716635125635476,1.4015749229806433,2.1321172939413264
27,LC_V18_H1p5_T6,18.0,1.5,6.0,0.00482,2.594367679408744e-06,0.01644263017717339,1.342485527647573,3.2540076432369225
28,LC_V22_H3p0_T8,22.0,3.0,8.0,0.00412,2.9665123522883226e-06,0.01607074841913691,1.3121226311534833,3.7207732522719654
29,LC_V22_H2p5_T7,22.0,2.5,7.0,0.00395,2.970859082947514e-06,0.015430211302260275,1.2598249269503101,3.726225176029867
30,LC_V16_H3p0_T8,16.0,3.0,8.0,0.00571,1.7314258809265337e-06,0.01299968229663907,1.0613803971266125,2.1716555810305063
31,LC_V14_H0p5_T5,14.0,0.5,5.0,0.00532,1.6483759739048702e-06,0.011530831702223894,0.941453679561899,2.067489531490374
32,LC_V10_H2p0_T7,10.0,2.0,7.0,0.01308,6.610633192576131e-07,0.0113695566330716,0.928286111844668,0.829144269180103
33,LC_V16_H2p5_T8,16.0,2.5,8.0,0.00504,1.6998281296203374e-06,0.011264924198492836,0.9197432249931758,2.1320238337359614
34,LC_V14_H2p5_T8,14.0,2.5,8.0,0.00499,1.6718545856000396e-06,0.010969624757079507,0.8956330174322128,2.096937779136631
35,LC_V18_H3p5_T8,18.0,3.5,8.0,0.00301,2.6764064611692447e-06,0.010592812635930302,0.8648675733497166,3.356905480351265
36,LC_V6_H1p0_T6,6.0,1.0,6.0,0.05033,1.4877460772188725e-07,0.00984574241613265,0.8038717991087337,0.18660181226005923
37,LC_V8_H1p0_T6,8.0,1.0,6.0,0.043,1.6918697856993085e-07,0.009565950199227034,0.7810277043442798,0.21220420134442292
38,LC_V14_H3p0_T8,14.0,3.0,8.0,0.00353,1.7061952461370675e-06,0.007919470735882558,0.6465981862385042,2.1400098435738353
39,LC_V6_H0p5_T5,6.0,0.5,5.0,0.03917,1.451733984258347e-07,0.007477102607284319,0.6104803143325773,0.18208496498846452
40,LC_V12_H2p5_T8,12.0,2.5,8.0,0.00488,1.151609320029584e-06,0.007389545343143978,0.6033315577965332,1.4444157469049108
41,LC_V16_H1p0_T5,16.0,1.0,5.0,0.00328,1.7050726583693446e-06,0.007353760126245322,0.6004098150295599,2.138601828354802
42,LC_V8_H0p5_T5,8.0,0.5,5.0,0.03167,1.6512609834086472e-07,0.006876326793453489,0.5614289869757012,0.20711080791043504
43,LC_V12_H2p5_T7,12.0,2.5,7.0,0.0042,1.1764870921161454e-06,0.006497244085177196,0.5304781570805625,1.4756189033267586
44,LC_V8_H1p5_T6,8.0,1.5,6.0,0.02689,1.8132202062678165e-07,0.006411122537154782,0.5234466219433674,0.22742468066098348
45,LC_V4_H1p0_T7,4.0,1.0,7.0,0.02984,1.505511060842942e-07,0.005907115937804146,0.48229617592735097,0.18883000038287284
46,LC_V26_H3p5_T8,26.0,3.5,8.0,0.00895,4.0818397154995133e-07,0.004803653882509121,0.39220220534116357,0.5119682047430718
47,LC_V4_H0p5_T5,4.0,0.5,5.0,0.02376,1.4961495359178856e-07,0.004674273970873028,0.38163877010797903,0.18765582318739418
48,LC_V8_H1p0_T5,8.0,1.0,5.0,0.01896,1.7262129923315764e-07,0.004303535991016375,0.3513692592606326,0.21651172713429603
49,LC_V2_H0p5_T6,2.0,0.5,6.0,0.02732,1.0498994496630437e-07,0.0037715609323403835,0.307935282479142,0.1316845280238912
50,LC_V4_H0p5_T6,4.0,0.5,6.0,0.01869,1.4868819743619604e-07,0.003654083971017082,0.2983436831602271,0.18649343142710129
51,LC_V10_H2p0_T8,10.0,2.0,8.0,0.004,6.462381293027146e-07,0.0033989540648797483,0.2775131832360152,0.8105496490695591
52,LC_V6_H1p5_T7,6.0,1.5,7.0,0.01621,1.5392662704987361e-07,0.0032808735561263534,0.2678723062965847,0.19306377615377865
53,LC_V6_H0p5_T6,6.0,0.5,6.0,0.01726,1.4407806920188955e-07,0.0032698768501205717,0.26697446218615445,0.18071113902891872
54,LC_V10_H0p5_T6,10.0,0.5,6.0,0.00283,6.299215982323043e-07,0.002344043463928834,0.19138327582590628,0.7900845017291759
55,LC_V2_H0p5_T5,2.0,0.5,5.0,0.01556,1.0529080793311251e-07,0.0021542335049451176,0.17588593019486665,0.1320618879491365
56,LC_V2_H1p0_T7,2.0,1.0,7.0,0.01531,1.0574548207136769e-07,0.0021287748832906866,0.17380731924536197,0.13263216683936757
57,LC_V6_H1p0_T5,6.0,1.0,5.0,0.01019,1.5312621147876485e-07,0.00205171222927393,0.16751541237737008,0.19205984814202232
58,LC_V8_H0p5_T6,8.0,0.5,6.0,0.00764,1.6437598043336156e-07,0.0016512941417726858,0.13482262042824475,0.20616996616941377
59,LC_V4_H1p5_T7,4.0,1.5,7.0,0.00598,1.5662278815578305e-07,0.0012315409587931544,0.10055118287463939,0.19644545906467079
60,LC_V8_H2p0_T7,8.0,2.0,7.0,0.00488,1.905790897614771e-07,0.0012228911322215473,0.09984495358748041,0.23903543805568572
61,LC_V6_H1p5_T8,6.0,1.5,8.0,0.00456,1.4959946314884563e-07,0.0008969900034705422,0.07323622103813317,0.18763639416808692
62,LC_V4_H1p5_T8,4.0,1.5,8.0,0.00414,1.5304031739436884e-07,0.0008331034332352821,0.06802009715602195,0.19195211475891247
63,LC_V8_H2p0_T8,8.0,2.0,8.0,0.00306,1.8190391839166574e-07,0.0007319075146171958,0.05975779029039755,0.22815453086284337
64,LC_V8_H1p5_T8,8.0,1.5,8.0,0.00314,1.7146436163861334e-07,0.0007079396558324438,0.057800895122135515,0.2150606283539361
65,LC_V4_H1p0_T5,4.0,1.0,5.0,0.00341,1.5656921222722837e-07,0.0007020264429073566,0.057318101147674626,0.1963782610023475
66,LC_V4_H1p0_T8,4.0,1.0,8.0,0.0033,1.4934958637431427e-07,0.0006480532447078334,0.05291137079596333,0.18732298410649617
67,LC_V6_H1p0_T8,6.0,1.0,8.0,0.0028,1.444865587435394e-07,0.0005319590530572638,0.043432669976480084,0.1812234904975486
68,LC_V2_H1p5_T8,2.0,1.5,8.0,0.00319,1.0761284403434786e-07,0.00045138541030023715,0.036854102670300544,0.13497432140306156
69,LC_V2_H1p0_T8,2.0,1.0,8.0,0.00312,1.0524709460894934e-07,0.0004317749426680795,0.03525297385435714,0.1320070601419343
